Date,Price,Open,High,Low,Volume,Change
03/10/12,5731.25,5727.7,5743.25,5715.8,173.22M,0.22%
04/10/12,5787.6,5751.55,5807.25,5751.35,179.19M,0.98%
05/10/12,5746.95,5815,5815.35,4888.2,255.57M,-0.70%
08/10/12,5676,5751.85,5751.85,5666.2,142.32M,-1.23%
09/10/12,5704.6,5708.15,5728.65,5677.9,119.30M,0.50%
10/10/12,5652.15,5671.15,5686.5,5647.05,126.29M,-0.92%
11/10/12,5708.05,5663.5,5721.1,5636.95,148.28M,0.99%
12/10/12,5676.05,5681.7,5725,5659.35,130.08M,-0.56%
15/10/12,5687.25,5674.25,5693.7,5651.05,93.69M,0.20%
16/10/12,5648,5705.6,5714,5635.6,117.42M,-0.69%
17/10/12,5660.25,5681.1,5684.35,5633.9,123.97M,0.22%
18/10/12,5718.7,5675.3,5722.5,5650.55,144.10M,1.03%
19/10/12,5684.25,5703.3,5711.7,5660,124.26M,-0.60%
22/10/12,5717.15,5667.6,5721.55,5658.05,103.37M,0.58%
23/10/12,5691.4,5715.65,5720.8,5681.45,81.50M,-0.45%
25/10/12,5705.3,5688.8,5718.75,5685.7,158.34M,0.24%
26/10/12,5664.3,5683.55,5697.2,5641.75,101.66M,-0.72%
29/10/12,5665.6,5665.2,5698.3,5645.1,93.56M,0.02%
30/10/12,5597.9,5656.35,5689.9,5589.9,116.68M,-1.19%
31/10/12,5619.7,5596.75,5624.4,5583.05,112.08M,0.39%
01/11/12,5645.05,5609.85,5649.75,5601.95,107.39M,0.45%
02/11/12,5697.7,5696.35,5711.3,5682.55,111.16M,0.93%
05/11/12,5704.2,5693.05,5709.2,5679.5,74.83M,0.11%
06/11/12,5724.4,5694.1,5730.8,5693.65,115.02M,0.35%
07/11/12,5760.1,5718.6,5777.3,5711.4,133.74M,0.62%
08/11/12,5738.75,5709,5744.5,5693.95,117.59M,-0.37%
09/11/12,5686.25,5731.1,5751.7,5677.75,98.76M,-0.91%
12/11/12,5683.7,5688.45,5718.9,5665.75,92.70M,-0.04%
13/11/12,5666.95,5689.7,5698.25,5660.35,16.52M,-0.29%
15/11/12,5631,5650.35,5651.65,5603.55,133.98M,-0.63%
16/11/12,5574.05,5624.8,5650.15,5559.8,121.90M,-1.01%
19/11/12,5571.4,5577.3,5592.75,5549.25,106.99M,-0.05%
20/11/12,5571.55,5604.8,5613.7,5548.35,107.48M,0.00%
21/11/12,5614.8,5582.5,5620.2,5561.4,105.15M,0.78%
22/11/12,5627.75,5628.6,5643.35,5608,94.06M,0.23%
23/11/12,5626.6,5635.45,5637.75,5593.55,85.08M,-0.02%
26/11/12,5635.9,5648.65,5649.2,5623.45,79.29M,0.17%
27/11/12,5727.45,5658.5,5733.2,5658,134.41M,1.62%
29/11/12,5825,5736.7,5833.5,5736.1,207.30M,1.70%
30/11/12,5879.85,5836,5885.25,5827.85,257.05M,0.94%
03/12/12,5870.95,5878.25,5899.15,5854.6,113.42M,-0.15%
04/12/12,5889.25,5866.8,5894.95,5859,131.02M,0.31%
05/12/12,5900.5,5906.6,5917.8,5891.35,139.65M,0.19%
06/12/12,5930.9,5926.3,5942.55,5838.9,140.27M,0.52%
07/12/12,5907.4,5934,5949.85,5888.65,127.61M,-0.40%
10/12/12,5908.9,5916.05,5919.95,5888.1,95.98M,0.03%
11/12/12,5898.8,5923.8,5965.15,5865.45,137.42M,-0.17%
12/12/12,5888,5917.8,5924.6,5874.25,132.67M,-0.18%
13/12/12,5851.5,5900.35,5907.45,5841.35,136.62M,-0.62%
14/12/12,5879.6,5846.9,5886.1,5839.15,115.16M,0.48%
17/12/12,5857.9,5860.5,5886.05,5850.15,109.55M,-0.37%
18/12/12,5896.8,5873.6,5905.8,5823.15,148.91M,0.66%
19/12/12,5929.6,5917.3,5939.4,5910.8,149.44M,0.56%
20/12/12,5916.4,5934.45,5937.6,5881.45,123.91M,-0.22%
21/12/12,5847.7,5888,5888,5841.65,141.15M,-1.16%
24/12/12,5855.75,5869,5871.9,5844.7,85.34M,0.14%
26/12/12,5905.6,5864.95,5917.3,5859.55,83.87M,0.85%
27/12/12,5870.1,5930.2,5930.8,5864.7,139.61M,-0.60%
28/12/12,5908.35,5887.15,5915.75,5879.5,89.67M,0.65%
31/12/12,5905.1,5901.2,5919,5897.15,64.81M,-0.06%
01/01/13,5950.85,5937.65,5963.9,5935.2,77.90M,0.77%
02/01/13,5993.25,5982.6,6006.05,5982,116.06M,0.71%
03/01/13,6009.5,6015.8,6017,5986.55,99.99M,0.27%
04/01/13,6016.15,6011.95,6020.75,5981.55,113.23M,0.11%
07/01/13,5988.4,6042.15,6042.15,5977.15,110.25M,-0.46%
08/01/13,6001.7,5983.45,6007.05,5964.4,109.94M,0.22%
09/01/13,5971.5,6006.2,6020.1,5958.45,129.64M,-0.50%
10/01/13,5968.65,5998.8,6005.15,5947.3,129.77M,-0.05%
11/01/13,5951.3,6012.4,6018.85,5940.6,128.02M,-0.29%
14/01/13,6024.05,5967.2,6036.9,5962.15,134.71M,1.22%
15/01/13,6056.6,6037.85,6068.5,6018.6,138.36M,0.54%
16/01/13,6001.85,6049,6055.95,5992.05,128.99M,-0.90%
17/01/13,6039.2,6001.25,6053.2,5988.1,178.96M,0.62%
18/01/13,6064.4,6059.85,6083.4,6048.3,186.46M,0.42%
21/01/13,6082.3,6085.75,6094.35,6065.1,130.87M,0.30%
22/01/13,6048.5,6080.15,6101.3,6040.5,129.04M,-0.56%
23/01/13,6054.3,6052.85,6069.8,6021.15,136.99M,0.10%
24/01/13,6019.35,6046.2,6065.3,6007.85,185.21M,-0.58%
25/01/13,6074.65,6024.5,6080.55,6014.45,147.59M,0.92%
28/01/13,6074.8,6082.1,6088.4,6061.4,113.11M,0.00%
29/01/13,6049.9,6064.7,6111.8,6042.45,157.55M,-0.41%
30/01/13,6055.75,6065,6071.95,6044.15,124.22M,0.10%
31/01/13,6034.75,6045.65,6058.05,6025.15,168.52M,-0.35%
01/02/13,5998.9,6040.95,6052.95,5983.2,159.27M,-0.59%
04/02/13,5987.25,6025.2,6038.5,5981.25,141.74M,-0.19%
05/02/13,5956.9,5948.2,5970.35,5946.9,136.23M,-0.51%
06/02/13,5959.2,5988.05,5990.9,5953.15,157.82M,0.04%
07/02/13,5938.8,5936.45,5978.5,5927.6,157.65M,-0.34%
08/02/13,5903.5,5929.1,5953.7,5883.65,192.61M,-0.59%
11/02/13,5897.85,5920.05,5924.15,5879.1,121.96M,-0.10%
12/02/13,5922.5,5894.35,5927.65,5886.45,142.84M,0.42%
13/02/13,5932.95,5943.15,5969.5,5922.95,142.64M,0.18%
14/02/13,5896.95,5933.2,5940.2,5884.55,143.83M,-0.61%
15/02/13,5887.4,5869.95,5899.95,5853.9,125.09M,-0.16%
18/02/13,5898.2,5888.65,5911,5878.45,114.28M,0.18%
19/02/13,5939.7,5900.2,5947.55,5883.15,100.99M,0.70%
20/02/13,5943.05,5966.3,5971,5937.55,135.35M,0.06%
21/02/13,5852.25,5909.65,5921.15,5844.4,159.40M,-1.53%
22/02/13,5850.3,5837.95,5873.8,5835.8,157.05M,-0.03%
25/02/13,5854.75,5870.55,5878.4,5825,125.13M,0.08%
26/02/13,5761.35,5838.3,5838.85,5748.6,157.36M,-1.60%
27/02/13,5796.9,5784.9,5818.2,5749.7,175.17M,0.62%
28/02/13,5693.05,5834.35,5849.9,5671.9,334.85M,-1.79%
01/03/13,5719.7,5702.45,5739.45,5679.9,174.52M,0.47%
04/03/13,5698.5,5704.7,5712,5663.6,144.89M,-0.37%
05/03/13,5784.25,5722.45,5790.1,5722.4,154.41M,1.50%
06/03/13,5818.6,5816.4,5828.7,5795.05,156.90M,0.59%
07/03/13,5863.3,5801.3,5878,5801.3,134.68M,0.77%
08/03/13,5945.7,5883.65,5952.85,5883,150.78M,1.41%
11/03/13,5942.35,5946.1,5971.2,5930.35,125.39M,-0.06%
12/03/13,5914.1,5944.6,5952,5893.65,115.94M,-0.48%
13/03/13,5851.2,5884.8,5893.85,5842.25,116.71M,-1.06%
14/03/13,5908.95,5845.95,5920.15,5791.75,149.01M,0.99%
15/03/13,5872.6,5914.9,5945.65,5861,152.16M,-0.62%
18/03/13,5835.25,5816.75,5850.2,5814.35,102.66M,-0.64%
19/03/13,5745.95,5859.5,5863.6,5724.3,182.31M,-1.53%
20/03/13,5694.4,5740.55,5745.3,5682.3,187.62M,-0.90%
21/03/13,5658.75,5705.9,5757.75,5647.95,179.18M,-0.63%
22/03/13,5651.35,5659.8,5691.45,5631.8,165.29M,-0.13%
25/03/13,5633.85,5707.3,5718.4,5624.4,150.39M,-0.31%
26/03/13,5641.6,5613.75,5655.3,5612.05,126.50M,0.14%
28/03/13,5682.55,5647.75,5692.95,5604.85,209.66M,0.73%
01/04/13,5704.4,5697.35,5720.95,5675.9,97.78M,0.38%
02/04/13,5748.1,5701.7,5754.6,5687.15,106.42M,0.77%
03/04/13,5672.9,5740.2,5744.95,5650.1,140.71M,-1.31%
04/04/13,5574.75,5640.65,5644.45,5565.65,134.59M,-1.73%
05/04/13,5553.25,5568.1,5577.3,5534.7,137.46M,-0.39%
08/04/13,5542.95,5550.5,5569.2,5537.05,97.02M,-0.19%
09/04/13,5495.1,5568.75,5603.05,5487,138.18M,-0.86%
10/04/13,5558.7,5536.25,5569.25,5477.2,128.56M,1.16%
11/04/13,5594,5601.65,5610.65,5542.85,146.83M,0.64%
12/04/13,5528.55,5520.7,5544.5,5494.9,127.32M,-1.17%
15/04/13,5568.4,5508.5,5592.85,5500.3,142.92M,0.72%
16/04/13,5688.95,5562.45,5699.25,5555.85,142.68M,2.16%
17/04/13,5688.7,5708.65,5732.15,5669,154.58M,0.00%
18/04/13,5783.1,5682.7,5794.35,5681.85,149.88M,1.66%
22/04/13,5834.4,5789.85,5844.85,5789.8,135.10M,0.89%
23/04/13,5836.9,5843.1,5844.3,5791.55,132.22M,0.04%
25/04/13,5916.3,5856.1,5924.6,5853.3,199.60M,1.36%
26/04/13,5871.45,5899.75,5907.05,5860.5,141.31M,-0.76%
29/04/13,5904.1,5877.6,5918.65,5868.8,118.88M,0.56%
30/04/13,5930.2,5932.6,5962.3,5867.8,153.19M,0.44%
02/05/13,5999.35,5911.4,6019.45,5910.95,162.38M,1.17%
03/05/13,5944,5993.5,6000.3,5930.15,145.75M,-0.92%
06/05/13,5971.05,5944.9,5976.5,5928.45,110.17M,0.46%
07/05/13,6043.55,5983.45,6050.5,5982.95,136.37M,1.21%
08/05/13,6069.3,6064.15,6083.55,6024.95,122.28M,0.43%
09/05/13,6050.15,6078.35,6084.7,6040.45,110.00M,-0.32%
10/05/13,6094.75,6046.25,6105.3,6045.6,111.35M,0.74%
11/05/13,6107.25,6088.2,6114.55,6084.15,7.99M,0.21%
13/05/13,5980.45,6098.2,6104.95,5972.9,107.95M,-2.08%
14/05/13,5995.4,5989.7,6026.2,5970.05,119.27M,0.25%
15/05/13,6146.75,6018.85,6157.1,6018.85,153.89M,2.52%
16/05/13,6169.9,6128.25,6187.3,6128.25,158.64M,0.38%
17/05/13,6187.3,6172.95,6199.95,6146.15,147.28M,0.28%
20/05/13,6156.9,6198,6229.45,6146.05,122.25M,-0.49%
21/05/13,6114.1,6152.35,6180.25,6102.35,130.59M,-0.70%
22/05/13,6094.5,6127.05,6147.6,6074.45,133.76M,-0.32%
23/05/13,5967.05,6050.4,6081.45,5955.7,198.93M,-2.09%
24/05/13,5983.55,6010.7,6015.3,5936.8,161.62M,0.28%
27/05/13,6083.15,5989.4,6099.9,5975.55,115.12M,1.66%
28/05/13,6111.25,6086.35,6127.65,6055.4,139.67M,0.46%
29/05/13,6104.3,6120.45,6125.05,6069.8,120.21M,-0.11%
30/05/13,6124.05,6072.15,6133.75,6072.15,194.09M,0.32%
31/05/13,5985.95,6098.7,6106.25,5975.55,175.31M,-2.26%
03/06/13,5939.3,5997.35,6011,5916.35,112.12M,-0.78%
04/06/13,5919.45,5941.1,5981.6,5910.25,114.45M,-0.33%
05/06/13,5923.85,5908.3,5935.2,5883.7,110.22M,0.07%
06/06/13,5921.4,5895,5956.55,5869.5,114.18M,-0.04%
07/06/13,5881,5900.05,5972.7,5871.3,118.35M,-0.68%
10/06/13,5878,5907.9,5931.65,5857.4,100.13M,-0.05%
11/06/13,5788.8,5848.75,5868.05,5780.35,180.90M,-1.52%
12/06/13,5760.2,5771.75,5792.9,5738.6,140.39M,-0.49%
13/06/13,5699.1,5709.35,5729.85,5683.1,142.04M,-1.06%
14/06/13,5808.4,5748.95,5819.4,5739.4,124.41M,1.92%
17/06/13,5850.05,5820.4,5854.9,5770.25,107.16M,0.72%
18/06/13,5813.6,5841.9,5863.4,5804.3,117.54M,-0.62%
19/06/13,5822.25,5805.75,5828.4,5777.9,115.54M,0.15%
20/06/13,5655.9,5754.15,5755,5645.65,198.40M,-2.86%
21/06/13,5667.65,5639.9,5686.15,5616.85,182.41M,0.21%
24/06/13,5590.25,5638.05,5640,5566.25,193.49M,-1.37%
25/06/13,5609.1,5606.95,5666.25,5570.25,196.57M,0.34%
26/06/13,5588.7,5627.95,5635.25,5579.35,160.10M,-0.36%
27/06/13,5682.35,5647.95,5699.35,5630.95,239.03M,1.68%
28/06/13,5842.2,5749.5,5852.95,5749.5,214.40M,2.81%
01/07/13,5898.85,5834.1,5904.35,5822.2,144.79M,0.97%
02/07/13,5857.55,5885.5,5898.8,5852.3,145.72M,-0.70%
03/07/13,5770.9,5811.95,5815,5760.4,160.52M,-1.48%
04/07/13,5836.95,5794.75,5848.2,5786.05,151.93M,1.14%
05/07/13,5867.9,5889.95,5900.45,5858.45,123.59M,0.53%
08/07/13,5811.55,5833.15,5833.85,5775.55,127.63M,-0.96%
09/07/13,5859,5834.6,5864.95,5834.6,110.43M,0.82%
10/07/13,5816.7,5869.9,5879.35,5802.85,117.52M,-0.72%
11/07/13,5935.1,5894.5,5948.85,5887.95,120.20M,2.04%
12/07/13,6009,6000.5,6019,5951.15,127.71M,1.25%
15/07/13,6030.8,5991.2,6038.2,5980.95,116.28M,0.36%
16/07/13,5955.25,5930.8,5966.05,5910.95,151.16M,-1.25%
17/07/13,5973.3,5972.25,5989.8,5926.75,191.52M,0.30%
18/07/13,6038.05,5984.7,6051.1,5974.55,171.73M,1.08%
19/07/13,6029.2,6057.2,6066.85,6020.25,163.31M,-0.15%
22/07/13,6031.8,6009.75,6064.15,6004.25,115.17M,0.04%
23/07/13,6077.8,6064.3,6093.35,6061.3,126.47M,0.76%
24/07/13,5990.5,6032.2,6047.25,5962.6,151.93M,-1.44%
25/07/13,5907.5,5970.4,5990.65,5896.4,237.08M,-1.39%
26/07/13,5886.2,5937.95,5944.5,5869.5,174.54M,-0.36%
29/07/13,5831.65,5869.95,5886,5825.8,173.43M,-0.93%
30/07/13,5755.05,5836.05,5861.3,5747.6,181.49M,-1.31%
31/07/13,5742,5738.35,5752.1,5675.75,235.47M,-0.23%
01/08/13,5727.85,5776.9,5808.5,5676.85,216.76M,-0.25%
02/08/13,5677.9,5750.05,5761.85,5649,222.49M,-0.87%
05/08/13,5685.4,5682.4,5721,5661.5,197.17M,0.13%
06/08/13,5542.25,5664.9,5664.9,5521.8,216.23M,-2.52%
07/08/13,5519.1,5549.3,5561.45,5486.85,245.01M,-0.42%
08/08/13,5565.65,5510.05,5577.6,5510.05,204.92M,0.84%
12/08/13,5612.4,5606.7,5644.1,5557.1,195.71M,0.84%
13/08/13,5699.3,5600.25,5704.75,5578.9,223.00M,1.55%
14/08/13,5742.3,5715.4,5754.55,5690.2,223.66M,0.75%
16/08/13,5507.85,5705.45,5716.6,5496.05,248.09M,-4.08%
19/08/13,5414.75,5497.55,5499.65,5360.65,219.67M,-1.69%
20/08/13,5401.45,5353.45,5417.8,5306.35,261.05M,-0.25%
21/08/13,5302.55,5494.45,5504.1,5268.45,255.00M,-1.83%
22/08/13,5408.45,5282.8,5418.95,5254.05,284.47M,2.00%
23/08/13,5471.75,5428.75,5478.8,5377.8,251.51M,1.17%
26/08/13,5476.5,5499.4,5528.7,5454.45,242.00M,0.09%
27/08/13,5287.45,5426.5,5427.4,5274.25,306.04M,-3.45%
28/08/13,5285,5233.45,5317.7,5118.85,335.99M,-0.05%
29/08/13,5409.05,5316.5,5428.9,5303,326.50M,2.35%
30/08/13,5471.8,5407.45,5493.3,5360.2,336.40M,1.16%
02/09/13,5550.75,5480.25,5564.9,5478.85,214.23M,1.44%
03/09/13,5341.45,5574.7,5580.95,5323.75,250.30M,-3.77%
04/09/13,5448.1,5358.65,5460.25,5318.9,237.23M,2.00%
05/09/13,5592.95,5553.75,5625.75,5552.7,274.94M,2.66%
06/09/13,5680.4,5617.45,5688.6,5566.15,253.03M,1.56%
10/09/13,5896.75,5738.5,5904.85,5738.2,275.24M,3.81%
11/09/13,5913.15,5887.25,5924.35,5832.7,265.01M,0.28%
12/09/13,5850.7,5931.15,5932,5815.8,272.99M,-1.06%
13/09/13,5850.6,5828,5884.3,5822.9,190.77M,0.00%
16/09/13,5840.55,5930.3,5957.25,5798.15,219.46M,-0.17%
17/09/13,5850.2,5824.2,5857.8,5804.9,157.94M,0.17%
18/09/13,5899.45,5872.75,5916.9,5840.2,153.58M,0.84%
19/09/13,6115.55,6044.15,6142.5,6040.15,287.19M,3.66%
20/09/13,6012.1,6104.55,6130.95,5932.85,318.64M,-1.69%
23/09/13,5889.75,5945.8,5989.4,5871.4,188.32M,-2.04%
24/09/13,5892.45,5855,5938.4,5854.55,187.58M,0.05%
25/09/13,5873.85,5901.55,5910.55,5811.1,200.16M,-0.32%
26/09/13,5882.25,5872.8,5917.65,5864.1,220.59M,0.14%
27/09/13,5833.2,5905.55,5909.2,5819.3,163.07M,-0.83%
30/09/13,5735.3,5801.05,5810.2,5718.5,155.68M,-1.68%
01/10/13,5780.05,5756.1,5786.45,5700.95,159.25M,0.78%
03/10/13,5909.7,5819.1,5917.6,5802.7,199.79M,2.24%
04/10/13,5907.3,5891.3,5950.45,5885,191.47M,-0.04%
07/10/13,5906.15,5889.05,5912,5825.85,156.39M,-0.02%
08/10/13,5928.4,5975,5981.7,5913,158.53M,0.38%
09/10/13,6007.45,5893.25,6015.5,5877.1,192.04M,1.33%
10/10/13,6020.95,6001.05,6033.95,5979.8,159.61M,0.22%
11/10/13,6096.2,6104.85,6107.6,6046.4,180.83M,1.25%
14/10/13,6112.7,6093,6124.1,6082.9,142.17M,0.27%
15/10/13,6089.05,6147.55,6156.3,6056.55,218.30M,-0.39%
17/10/13,6045.85,6098.5,6110.75,6032.55,230.56M,-0.71%
18/10/13,6189.35,6070.9,6201.45,6070.9,250.34M,2.37%
21/10/13,6204.95,6202,6218.95,6163.3,196.99M,0.25%
22/10/13,6202.8,6192.3,6220.1,6181.8,161.94M,-0.03%
23/10/13,6178.35,6209.55,6217.95,6116.6,188.28M,-0.39%
24/10/13,6164.35,6162.8,6252.45,6142.95,148.91M,-0.23%
25/10/13,6144.9,6154,6174.75,6125.95,144.53M,-0.32%
28/10/13,6101.1,6155.1,6168.75,6094.1,146.34M,-0.71%
29/10/13,6220.9,6107.55,6228.05,6079.2,197.35M,1.96%
30/10/13,6251.7,6230.8,6269.2,6222.6,177.58M,0.50%
31/10/13,6299.15,6237.15,6309.05,6235.9,239.61M,0.76%
01/11/13,6307.2,6289.75,6332.6,6286.95,191.64M,0.13%
03/11/13,6324.95,6332.05,6342.95,6319.25,9.36M,0.28%
05/11/13,6253.15,6282.15,6304.75,6244.3,181.05M,-1.14%
06/11/13,6215.15,6260.55,6269.7,6208.7,157.08M,-0.61%
07/11/13,6187.25,6228.9,6288.95,6180.8,168.83M,-0.45%
08/11/13,6140.75,6170.15,6185.15,6120.95,150.05M,-0.75%
11/11/13,6078.8,6110.4,6141.65,6067.75,146.06M,-1.01%
12/11/13,6018.05,6087.25,6108.7,6011.75,153.81M,-1.00%
13/11/13,5989.6,5998.85,6042.25,5972.45,162.54M,-0.47%
14/11/13,6056.15,6037,6101.65,6036.65,154.91M,1.11%
18/11/13,6189,6111.05,6196.8,6110.4,163.99M,2.19%
19/11/13,6203.35,6197.25,6212.4,6180.2,161.51M,0.23%
20/11/13,6122.9,6186.85,6204.35,6106.95,155.80M,-1.30%
21/11/13,5999.05,6096.5,6097.35,5985.4,137.23M,-2.02%
22/11/13,5995.45,6027.35,6049.6,5972.8,134.76M,-0.06%
25/11/13,6115.35,6035.95,6123.5,6035.95,127.20M,2.00%
26/11/13,6059.1,6099.25,6112.7,6047.75,150.66M,-0.92%
27/11/13,6057.1,6062.7,6074,6030.3,124.88M,-0.03%
28/11/13,6091.85,6092,6112.95,6068.3,195.32M,0.57%
29/11/13,6176.1,6103.9,6182.5,6103.8,190.71M,1.38%
02/12/13,6217.85,6171.15,6228.7,6171.15,145.95M,0.68%
03/12/13,6201.85,6204.25,6225.4,6191.4,156.85M,-0.26%
04/12/13,6160.95,6187.95,6209.15,6149.9,186.17M,-0.66%
05/12/13,6241.1,6262.45,6300.55,6232,186.06M,1.30%
06/12/13,6259.9,6234.4,6275.35,6230.75,158.54M,0.30%
09/12/13,6363.9,6415,6415.25,6345,198.29M,1.66%
10/12/13,6332.85,6354.7,6362.25,6307.55,242.41M,-0.49%
11/12/13,6307.9,6307.2,6326.6,6280.25,148.20M,-0.39%
12/12/13,6237.05,6276.75,6286.85,6230.55,148.53M,-1.12%
13/12/13,6168.4,6201.3,6208.6,6161.4,169.65M,-1.10%
16/12/13,6154.7,6168.35,6183.25,6146.05,146.45M,-0.22%
17/12/13,6139.05,6178.2,6190.55,6133,154.18M,-0.25%
18/12/13,6217.15,6129.95,6236,6129.95,243.25M,1.27%
19/12/13,6166.65,6253.9,6263.75,6150.7,437.04M,-0.81%
20/12/13,6274.25,6179.95,6284.5,6170.35,171.97M,1.74%
23/12/13,6284.5,6267.2,6317.5,6266.95,131.19M,0.16%
24/12/13,6268.4,6296.45,6301.5,6262,107.64M,-0.26%
26/12/13,6278.9,6270.1,6302.75,6259.45,182.31M,0.17%
27/12/13,6313.8,6292.8,6324.9,6289.4,96.87M,0.56%
30/12/13,6291.1,6336.4,6344.05,6273.15,101.27M,-0.36%
31/12/13,6304,6307.35,6317.3,6287.3,103.44M,0.21%
01/01/14,6301.65,6323.8,6327.2,6298.25,69.57M,-0.04%
02/01/14,6221.15,6301.25,6358.3,6211.3,158.13M,-1.28%
03/01/14,6211.15,6194.55,6221.7,6171.25,139.04M,-0.16%
06/01/14,6191.45,6220.85,6224.7,6170.25,118.35M,-0.32%
07/01/14,6162.25,6203.9,6221.5,6144.75,138.56M,-0.47%
08/01/14,6174.6,6178.05,6192.1,6160.35,146.91M,0.20%
09/01/14,6168.35,6181.7,6188.05,6148.25,150.06M,-0.10%
10/01/14,6171.45,6178.85,6239.1,6139.6,159.92M,0.05%
13/01/14,6272.75,6189.55,6288.2,6189.55,135.01M,1.64%
14/01/14,6241.85,6260.25,6280.35,6234.15,110.23M,-0.49%
15/01/14,6320.9,6265.95,6325.2,6265.3,145.92M,1.27%
16/01/14,6318.9,6341.35,6346.5,6299.85,153.42M,-0.03%
17/01/14,6261.65,6306.25,6327.1,6246.35,167.72M,-0.91%
20/01/14,6303.95,6261.75,6307.45,6243.35,122.14M,0.68%
21/01/14,6313.8,6320.15,6330.3,6297.9,141.73M,0.16%
22/01/14,6338.95,6309.05,6349.95,6287.45,137.49M,0.40%
23/01/14,6345.65,6325.95,6355.6,6316.4,120.06M,0.11%
24/01/14,6266.75,6301.65,6331.45,6263.9,160.27M,-1.24%
27/01/14,6135.85,6186.3,6188.55,6130.25,190.44M,-2.09%
28/01/14,6126.25,6131.85,6163.6,6085.95,184.11M,-0.16%
29/01/14,6120.25,6161,6170.45,6109.8,146.73M,-0.10%
30/01/14,6073.7,6067,6082.85,6027.25,208.06M,-0.76%
31/01/14,6089.5,6082.75,6097.85,6067.35,146.71M,0.26%
03/02/14,6001.8,6058.8,6074.85,5994.45,134.89M,-1.44%
04/02/14,6000.9,5947.6,6017.8,5933.3,183.25M,-0.01%
05/02/14,6022.4,6004.25,6028.05,5962.05,166.63M,0.36%
06/02/14,6036.3,6028.35,6048.35,5965.4,185.50M,0.23%
07/02/14,6063.2,6077.65,6079.95,6030.9,181.93M,0.45%
10/02/14,6053.45,6072.8,6083.05,6046.4,133.07M,-0.16%
11/02/14,6062.7,6072.45,6081.85,6053.25,150.52M,0.15%
12/02/14,6084,6085.35,6106.6,6077.4,138.55M,0.35%
13/02/14,6001.1,6087.55,6094.4,5991.1,153.65M,-1.36%
14/02/14,6048.35,6023.75,6056.4,5984.6,140.20M,0.79%
17/02/14,6073.3,6057.1,6080.65,6038.3,108.49M,0.41%
18/02/14,6127.1,6071.3,6141.7,6066.8,126.64M,0.89%
19/02/14,6152.75,6132.05,6160.35,6125.75,95.25M,0.42%
20/02/14,6091.45,6127.15,6129.1,6086.45,132.11M,-1.00%
21/02/14,6155.45,6108.3,6159.65,6108,112.60M,1.05%
24/02/14,6186.1,6140.95,6191.85,6130.8,144.88M,0.50%
25/02/14,6200.05,6205.7,6216.85,6176.6,146.26M,0.23%
26/02/14,6238.8,6202.45,6245.95,6202.1,181.66M,0.62%
28/02/14,6276.95,6228.45,6282.7,6228.1,180.60M,0.61%
03/03/14,6221.45,6264.35,6277.75,6212.25,144.56M,-0.88%
04/03/14,6297.95,6216.75,6302.15,6215.7,166.82M,1.23%
05/03/14,6328.65,6328.45,6336.25,6287.8,160.30M,0.49%
06/03/14,6401.15,6344.75,6406.6,6339.7,180.73M,1.15%
07/03/14,6526.65,6413.95,6537.8,6413.55,284.92M,1.96%
10/03/14,6537.25,6491.7,6562.2,6487.35,242.14M,0.16%
11/03/14,6511.9,6537.35,6562.85,6494.25,239.00M,-0.39%
12/03/14,6516.9,6497.5,6546.15,6487.3,174.98M,0.08%
13/03/14,6493.1,6491.75,6561.45,6476.65,167.86M,-0.37%
14/03/14,6504.2,6447.25,6518.45,6432.7,177.34M,0.17%
18/03/14,6516.65,6532.45,6574.95,6497.65,179.31M,0.19%
19/03/14,6524.05,6530,6541.2,6506,172.46M,0.11%
20/03/14,6483.1,6508.35,6523.65,6473.25,141.98M,-0.63%
21/03/14,6493.2,6515.2,6522.9,6485.7,189.85M,0.16%
22/03/14,6494.9,6497.8,6502.65,6481.35,9.77M,0.03%
24/03/14,6583.5,6510.5,6591.5,6510.5,158.40M,1.36%
25/03/14,6589.75,6550.1,6595.55,6544.85,168.12M,0.09%
26/03/14,6601.4,6615.65,6627.45,6580.6,186.57M,0.18%
27/03/14,6641.75,6613.1,6673.95,6599.5,312.38M,0.61%
28/03/14,6695.9,6673.05,6702.6,6643.8,184.82M,0.82%
31/03/14,6704.2,6723.15,6730.05,6662.4,220.62M,0.12%
01/04/14,6721.05,6729.5,6732.25,6675.45,177.84M,0.25%
02/04/14,6752.55,6757.6,6763.5,6723.6,173.34M,0.47%
03/04/14,6736.1,6772.05,6776.75,6696.9,197.55M,-0.24%
04/04/14,6694.35,6741.85,6741.85,6685.15,155.13M,-0.62%
07/04/14,6695.05,6694.25,6725.15,6650.4,133.95M,0.01%
09/04/14,6796.2,6722,6808.7,6705.1,169.80M,1.51%
10/04/14,6796.4,6803.05,6819.05,6777.3,191.13M,0.00%
11/04/14,6776.3,6758.35,6789.35,6743.15,140.74M,-0.30%
15/04/14,6733.1,6792.7,6813.4,6711.75,123.20M,-0.64%
16/04/14,6675.3,6727.25,6748.65,6665.15,119.77M,-0.86%
17/04/14,6779.4,6695.45,6783.05,6684.4,131.49M,1.56%
21/04/14,6817.65,6789.25,6825.45,6786.9,111.84M,0.56%
22/04/14,6815.35,6822.9,6838,6806.25,114.69M,-0.03%
23/04/14,6840.8,6823.25,6861.6,6820.75,182.97M,0.37%
25/04/14,6782.75,6855.8,6869.85,6772.85,154.32M,-0.85%
28/04/14,6761.25,6778.55,6786.25,6750.3,118.16M,-0.32%
29/04/14,6715.25,6769,6779.7,6708.65,115.51M,-0.68%
30/04/14,6696.4,6724.95,6780.15,6656.8,161.11M,-0.28%
02/05/14,6694.8,6709.95,6737.65,6689.5,114.28M,-0.02%
05/05/14,6699.35,6681.65,6741.05,6680.45,104.99M,0.07%
06/05/14,6715.3,6719.25,6743.45,6701.9,88.29M,0.24%
07/05/14,6652.55,6708.6,6718.75,6642.9,114.10M,-0.93%
08/05/14,6659.85,6669.9,6688.4,6638.55,101.55M,0.11%
09/05/14,6858.8,6654.15,6871.35,6652.15,166.44M,2.99%
12/05/14,7014.25,6863.4,7020.05,6862.9,157.72M,2.27%
13/05/14,7108.75,7080,7172.35,7067.15,232.22M,1.35%
14/05/14,7108.75,7112,7142.25,7080.9,177.20M,0.00%
15/05/14,7123.15,7111.3,7152.55,7082.55,186.85M,0.20%
16/05/14,7203,7270.2,7563.5,7130.65,393.16M,1.12%
19/05/14,7263.55,7276.85,7291.1,7193.55,316.25M,0.84%
20/05/14,7275.5,7309.95,7353.65,7247.7,255.33M,0.16%
21/05/14,7252.9,7274.85,7287.15,7206.7,203.14M,-0.31%
22/05/14,7276.4,7289.95,7319.55,7258.15,240.94M,0.32%
23/05/14,7367.1,7306.5,7381,7293.9,259.64M,1.25%
26/05/14,7359.05,7428.75,7504,7269.05,273.24M,-0.11%
27/05/14,7318,7363.1,7372.95,7274.75,168.60M,-0.56%
28/05/14,7329.65,7324.95,7344.75,7302.6,175.60M,0.16%
29/05/14,7235.65,7316.6,7325.4,7224.4,241.12M,-1.28%
30/05/14,7229.95,7254.85,7272.5,7118.45,312.15M,-0.08%
02/06/14,7362.5,7264.05,7368.6,7239.5,169.89M,1.83%
03/06/14,7415.85,7375.35,7424.95,7342.15,234.68M,0.72%
04/06/14,7402.25,7417.55,7433.3,7391.35,204.59M,-0.18%
05/06/14,7474.1,7399.75,7484.7,7360.5,250.66M,0.97%
06/06/14,7583.4,7521.5,7592.7,7497.65,248.40M,1.46%
09/06/14,7654.6,7621.65,7673.7,7580.25,231.88M,0.94%
10/06/14,7656.4,7679.05,7683.2,7579.3,188.67M,0.02%
11/06/14,7626.85,7672.4,7700.05,7589.05,186.18M,-0.39%
12/06/14,7649.9,7641.3,7658,7593.8,148.21M,0.30%
13/06/14,7542.1,7668.2,7678.5,7525.35,174.52M,-1.41%
16/06/14,7533.55,7534.8,7548.6,7487.55,155.38M,-0.11%
17/06/14,7631.7,7525.05,7637.6,7509.25,157.96M,1.30%
18/06/14,7558.2,7636.05,7663,7515.5,165.08M,-0.96%
19/06/14,7540.7,7580.05,7606.45,7502.55,148.85M,-0.23%
20/06/14,7511.45,7543.3,7560.55,7497.3,124.13M,-0.39%
23/06/14,7493.35,7514,7534.8,7441.6,127.41M,-0.24%
24/06/14,7580.2,7515.2,7593.35,7515.2,137.00M,1.16%
25/06/14,7569.25,7588.55,7589.25,7557.05,114.97M,-0.14%
26/06/14,7493.2,7554.1,7570.2,7481.3,171.68M,-1.00%
27/06/14,7508.8,7514.2,7538.75,7482.3,126.67M,0.21%
30/06/14,7611.35,7534.05,7623.65,7531.6,152.30M,1.37%
01/07/14,7634.7,7629,7649.5,7618.15,139.43M,0.31%
02/07/14,7725.15,7683.05,7732.4,7677.3,136.32M,1.18%
03/07/14,7714.8,7734.35,7754.65,7706.8,133.76M,-0.13%
04/07/14,7751.6,7718.1,7758,7661.3,113.07M,0.48%
07/07/14,7787.15,7780.4,7792,7755.1,173.93M,0.46%
08/07/14,7623.2,7804.05,7808.85,7595.9,180.65M,-2.11%
09/07/14,7585,7637.95,7650.1,7551.65,168.35M,-0.50%
10/07/14,7567.75,7589.5,7731.05,7479.05,258.39M,-0.23%
11/07/14,7459.6,7584.1,7625.85,7447.2,187.59M,-1.43%
14/07/14,7454.15,7469,7478.45,7422.15,135.23M,-0.07%
15/07/14,7526.65,7491.3,7534.9,7459.15,122.07M,0.97%
16/07/14,7624.4,7564.15,7640.1,7532.45,167.97M,1.30%
17/07/14,7640.45,7612.7,7655.65,7612.7,141.61M,0.21%
18/07/14,7663.9,7630.25,7685,7595.5,134.60M,0.31%
21/07/14,7684.2,7701.65,7722.1,7674,105.40M,0.26%
22/07/14,7767.85,7708.2,7773.85,7704.8,120.08M,1.09%
23/07/14,7795.75,7794.9,7809.2,7752.9,122.12M,0.36%
24/07/14,7830.6,7796.25,7835.65,7771.65,117.61M,0.45%
25/07/14,7790.45,7828.2,7840.95,7748.6,153.94M,-0.51%
28/07/14,7748.7,7792.9,7799.9,7722.65,116.54M,-0.54%
30/07/14,7791.4,7746.2,7798.7,7707.6,178.11M,0.55%
31/07/14,7721.3,7784.65,7791.85,7711.15,208.86M,-0.90%
01/08/14,7602.6,7662.5,7716.7,7593.9,181.07M,-1.54%
04/08/14,7683.65,7639.55,7694.8,7622.05,137.04M,1.07%
05/08/14,7746.55,7706.65,7752.45,7638.05,128.24M,0.82%
06/08/14,7672.05,7726.15,7740.95,7658.95,116.36M,-0.96%
07/08/14,7649.25,7651.15,7708.95,7630.4,116.79M,-0.30%
08/08/14,7568.55,7588.7,7592.45,7540.1,118.43M,-1.06%
11/08/14,7625.95,7619.85,7635.55,7598.6,106.97M,0.76%
12/08/14,7727.05,7688.8,7735.75,7654.8,120.61M,1.33%
13/08/14,7739.55,7717.3,7757.1,7695.7,154.08M,0.16%
14/08/14,7791.7,7756.15,7796.7,7739.1,127.33M,0.67%
18/08/14,7874.25,7785.25,7880.5,7779.2,126.74M,1.06%
19/08/14,7897.5,7901,7918.55,7881.15,140.62M,0.30%
20/08/14,7875.3,7915.8,7922.7,7864.05,117.32M,-0.28%
21/08/14,7891.1,7875.35,7919.65,7855.95,115.22M,0.20%
22/08/14,7913.2,7904.55,7929.05,7900.05,104.08M,0.28%
25/08/14,7906.3,7931.75,7968.25,7897.95,118.47M,-0.09%
26/08/14,7904.75,7874.5,7915.45,7862.45,142.83M,-0.02%
27/08/14,7936.05,7933.9,7946.85,7916.55,119.96M,0.40%
28/08/14,7954.35,7942.25,7967.8,7939.2,189.70M,0.23%
01/09/14,8027.7,7990.35,8035,7984,139.33M,0.92%
02/09/14,8083.05,8038.6,8101.95,8036.55,134.90M,0.69%
03/09/14,8114.6,8110.85,8141.9,8092.25,150.73M,0.39%
04/09/14,8095.95,8114.2,8114.8,8060.9,141.28M,-0.23%
05/09/14,8086.85,8099.9,8122.7,8049.85,125.98M,-0.11%
08/09/14,8173.9,8132.95,8180.2,8126.15,120.69M,1.08%
09/09/14,8152.95,8161.9,8174.55,8126.5,104.74M,-0.26%
10/09/14,8094.1,8135.55,8135.75,8082.1,107.06M,-0.72%
11/09/14,8085.7,8115.15,8127.95,8057.3,122.82M,-0.10%
12/09/14,8105.5,8087.05,8114.3,8071.6,111.44M,0.24%
15/09/14,8042,8070.35,8077.3,8030,96.50M,-0.78%
16/09/14,7932.9,8036.6,8044.9,7925.15,127.95M,-1.36%
17/09/14,7975.5,7971.5,7990.65,7936.95,123.72M,0.54%
18/09/14,8114.75,7950.65,8120.85,7939.7,116.93M,1.75%
19/09/14,8121.45,8129.4,8160.9,8105.35,161.28M,0.08%
22/09/14,8146.3,8084.45,8159.9,8064.8,105.51M,0.31%
23/09/14,8017.55,8144.4,8159.75,8008.1,140.78M,-1.58%
24/09/14,8002.4,8015.55,8042.05,7950.05,182.21M,-0.19%
25/09/14,7911.85,8003.3,8019.3,7877.35,231.90M,-1.13%
26/09/14,7968.85,7885.85,7993.3,7841.8,147.84M,0.72%
29/09/14,7958.9,7978.45,7991.75,7934.7,97.27M,-0.12%
30/09/14,7964.8,7948.8,8030.9,7923.85,141.14M,0.07%
01/10/14,7945.55,7960.5,7977.5,7936.7,113.00M,-0.24%
07/10/14,7852.4,7897.4,7943.05,7842.7,148.20M,-1.17%
08/10/14,7842.7,7828.75,7869.9,7815.75,135.91M,-0.12%
09/10/14,7960.55,7886.5,7972.35,7886.5,123.77M,1.50%
10/10/14,7859.95,7911,7924.05,7848.45,142.93M,-1.26%
13/10/14,7884.25,7831,7901.15,7796,118.78M,0.31%
14/10/14,7864,7923.25,7928,7825.45,225.47M,-0.26%
16/10/14,7748.2,7837.3,7893.9,7729.65,213.53M,-1.47%
17/10/14,7779.7,7733.75,7819.2,7723.85,177.62M,0.41%
20/10/14,7879.4,7896.95,7905.95,7856.95,176.17M,1.28%
21/10/14,7927.75,7906.15,7936.6,7874.35,163.40M,0.61%
22/10/14,7995.9,7997.8,8005,7974.55,151.10M,0.86%
23/10/14,8014.55,8027.7,8031.75,8008.85,19.64M,0.23%
27/10/14,7991.7,8064.35,8064.4,7985.65,132.83M,-0.29%
28/10/14,8027.6,8002.4,8037.8,7995.05,124.06M,0.45%
29/10/14,8090.45,8077.05,8097.95,8052.25,148.31M,0.78%
30/10/14,8169.2,8085.2,8181.55,8085.2,205.67M,0.97%
31/10/14,8322.2,8200.8,8330.75,8198.05,176.16M,1.87%
03/11/14,8324.15,8348.15,8350.6,8297.65,141.09M,0.02%
05/11/14,8338.3,8351.25,8365.55,8323.5,161.62M,0.17%
07/11/14,8337,8331.85,8360.35,8290.25,153.43M,-0.02%
10/11/14,8344.25,8337.8,8383.05,8304.45,130.75M,0.09%
11/11/14,8362.65,8354.1,8378.7,8321.85,122.01M,0.22%
12/11/14,8383.3,8378.9,8415.05,8370.5,125.24M,0.25%
13/11/14,8357.85,8405.25,8408,8320.35,127.36M,-0.30%
14/11/14,8389.9,8360.7,8400.65,8346.8,146.77M,0.38%
17/11/14,8430.75,8378.4,8438.1,8349.1,113.88M,0.49%
18/11/14,8425.9,8441.25,8454.5,8407.25,134.68M,-0.06%
19/11/14,8382.3,8440.65,8455.65,8360.5,125.40M,-0.52%
20/11/14,8401.9,8406.5,8410.85,8353.15,122.78M,0.23%
21/11/14,8477.35,8408.2,8489.8,8398.6,137.02M,0.90%
24/11/14,8530.15,8490.95,8534.65,8490.8,140.66M,0.62%
25/11/14,8463.1,8530.8,8535.35,8429.45,271.91M,-0.79%
26/11/14,8475.75,8450.3,8500.3,8438.65,151.92M,0.15%
27/11/14,8494.2,8477.8,8506.75,8456.35,194.30M,0.22%
28/11/14,8588.25,8516.8,8617,8516.25,197.22M,1.11%
01/12/14,8555.9,8605.1,8623,8545.15,151.99M,-0.38%
02/12/14,8524.7,8535.45,8560.2,8504.65,137.39M,-0.36%
03/12/14,8537.65,8528.7,8546.95,8508.35,153.20M,0.15%
04/12/14,8564.4,8582.4,8626.95,8526.4,143.48M,0.31%
05/12/14,8538.3,8584.25,8588.35,8523.9,143.35M,-0.30%
08/12/14,8438.25,8538.65,8546.35,8432.25,163.82M,-1.17%
09/12/14,8340.7,8439.3,8444.5,8330.5,146.27M,-1.16%
10/12/14,8355.65,8318.05,8376.8,8317,136.66M,0.18%
11/12/14,8292.9,8338.85,8348.3,8272.4,133.86M,-0.75%
12/12/14,8224.1,8302,8321.9,8216.3,138.08M,-0.83%
15/12/14,8219.6,8160.75,8242.4,8152.5,137.14M,-0.05%
16/12/14,8067.6,8172.6,8189.35,8052.6,197.34M,-1.85%
17/12/14,8029.8,8041.2,8082,7961.35,216.22M,-0.47%
18/12/14,8159.3,8138.9,8174.3,8084.9,162.11M,1.61%
19/12/14,8225.2,8230.45,8263.45,8208.6,174.80M,0.81%
22/12/14,8324,8255,8330.95,8228.2,139.16M,1.20%
23/12/14,8267,8324.6,8364.75,8252.85,132.19M,-0.68%
24/12/14,8174.1,8272.05,8286.4,8155.25,221.91M,-1.12%
26/12/14,8200.7,8204.8,8234.55,8147.95,75.53M,0.33%
29/12/14,8246.3,8214.7,8279.15,8214.7,82.09M,0.56%
30/12/14,8248.25,8260.3,8268.25,8220.55,77.70M,0.02%
31/12/14,8282.7,8243.9,8291,8243.75,84.53M,0.42%
01/01/15,8284,8272.8,8294.7,8248.75,56.56M,0.02%
02/01/15,8395.45,8288.7,8410.6,8288.7,101.89M,1.35%
05/01/15,8378.4,8407.95,8445.6,8363.9,118.16M,-0.20%
06/01/15,8127.35,8325.3,8327.85,8111.35,172.80M,-3.00%
07/01/15,8102.1,8118.65,8151.2,8065.45,164.08M,-0.31%
08/01/15,8234.6,8191.4,8243.5,8167.3,143.80M,1.64%
09/01/15,8284.5,8285.45,8303.3,8190.8,152.61M,0.61%
12/01/15,8323,8291.35,8332.6,8245.6,103.15M,0.46%
13/01/15,8299.4,8346.15,8356.65,8267.9,129.56M,-0.28%
14/01/15,8277.55,8307.25,8326.45,8236.65,150.62M,-0.26%
15/01/15,8494.15,8424.5,8527.1,8380.55,232.14M,2.62%
16/01/15,8513.8,8504.05,8530.75,8452.25,181.37M,0.23%
19/01/15,8550.7,8550.05,8570.95,8531.5,129.35M,0.43%
20/01/15,8695.6,8575.1,8707.9,8574.5,158.71M,1.69%
21/01/15,8729.5,8719.65,8741.85,8689.6,191.65M,0.39%
22/01/15,8761.4,8745.85,8774.15,8727,180.91M,0.37%
23/01/15,8835.6,8827.95,8866.4,8795.4,197.12M,0.85%
27/01/15,8910.5,8871.35,8925.05,8825.45,192.01M,0.85%
28/01/15,8914.3,8902.75,8985.05,8874.05,190.81M,0.04%
29/01/15,8952.35,8901.5,8966.65,8861.25,264.25M,0.43%
30/01/15,8808.9,8996.6,8996.6,8775.1,275.59M,-1.60%
02/02/15,8797.4,8802.5,8840.8,8751.1,216.56M,-0.13%
03/02/15,8756.55,8823.15,8837.3,8726.65,208.67M,-0.46%
04/02/15,8723.7,8789.15,8792.85,8704.4,201.25M,-0.38%
05/02/15,8711.7,8733.1,8838.45,8683.65,179.01M,-0.14%
06/02/15,8661.05,8696.85,8726.2,8645.55,176.55M,-0.58%
09/02/15,8526.35,8584.4,8605.55,8516.35,151.33M,-1.56%
10/02/15,8565.55,8478.1,8646.25,8470.5,202.30M,0.46%
11/02/15,8627.4,8603.3,8651.95,8593.65,166.56M,0.72%
12/02/15,8711.55,8676.95,8732.55,8599.25,163.68M,0.98%
13/02/15,8805.5,8741.5,8822.1,8729.65,228.81M,1.08%
16/02/15,8809.35,8831.4,8870.1,8793.4,140.64M,0.04%
18/02/15,8869.1,8811.55,8894.3,8808.9,152.15M,0.68%
19/02/15,8895.3,8883.05,8913.45,8794.45,219.87M,0.30%
20/02/15,8833.6,8895.5,8899.95,8816.3,203.72M,-0.69%
23/02/15,8754.95,8856.85,8869,8736.1,143.93M,-0.89%
24/02/15,8762.1,8772.9,8800.5,8726.75,154.37M,0.08%
25/02/15,8767.25,8801.9,8840.65,8751.4,139.41M,0.06%
26/02/15,8683.85,8779,8786.05,8669.45,224.18M,-0.95%
27/02/15,8844.6,8729.5,8856.95,8717.45,257.23M,1.85%
28/02/15,8901.85,8913.05,8941.1,8751.35,246.45M,0.65%
02/03/15,8956.75,8953.85,8972.35,8885.45,224.77M,0.62%
03/03/15,8996.25,8962.85,9008.4,8925.55,183.25M,0.44%
04/03/15,8922.65,9109.15,9119.2,8893.95,256.06M,-0.82%
05/03/15,8937.75,8929.4,8957.55,8849.35,165.08M,0.17%
09/03/15,8756.75,8891.15,8891.3,8740.45,160.33M,-2.03%
10/03/15,8712.05,8769.75,8778,8677.35,168.92M,-0.51%
11/03/15,8699.95,8728.75,8755.6,8682.35,178.05M,-0.14%
12/03/15,8776,8740.65,8787.2,8732.9,179.34M,0.87%
13/03/15,8647.75,8844.05,8849.75,8631.75,184.67M,-1.46%
16/03/15,8633.15,8656.75,8663.55,8612,168.44M,-0.17%
17/03/15,8723.3,8689.1,8742.55,8630.8,182.50M,1.04%
18/03/15,8685.9,8742.9,8747.25,8664,161.15M,-0.43%
19/03/15,8634.65,8749.45,8788.2,8614.65,168.63M,-0.59%
20/03/15,8570.9,8627.9,8627.9,8553,179.98M,-0.74%
23/03/15,8550.9,8591.55,8608.35,8540.55,155.43M,-0.23%
24/03/15,8542.95,8537.05,8627.75,8535.85,161.46M,-0.09%
25/03/15,8530.8,8568.9,8573.75,8516.55,165.95M,-0.14%
26/03/15,8342.15,8474.95,8499.45,8325.35,288.76M,-2.21%
27/03/15,8341.4,8396,8413.2,8269.15,198.98M,-0.01%
30/03/15,8492.3,8390.95,8504.55,8380.75,138.88M,1.81%
31/03/15,8491,8527.6,8550.45,8454.15,172.36M,-0.02%
01/04/15,8586.25,8483.7,8603.4,8464.75,129.45M,1.12%
06/04/15,8659.9,8615.8,8667.55,8573.75,151.38M,0.86%
07/04/15,8660.3,8684.45,8693.6,8586.85,153.26M,0.00%
08/04/15,8714.4,8698.95,8730.5,8679.8,152.80M,0.62%
09/04/15,8778.3,8756.2,8785.5,8682.45,157.41M,0.73%
10/04/15,8780.35,8774.35,8787.4,8733.6,143.29M,0.02%
13/04/15,8834,8801.75,8841.65,8762.1,125.37M,0.61%
15/04/15,8750.2,8844.75,8844.8,8722.4,168.58M,-0.95%
16/04/15,8706.7,8757.05,8760,8645.65,147.27M,-0.50%
17/04/15,8606,8698.05,8699.85,8596.7,154.98M,-1.16%
20/04/15,8448.1,8618.8,8619.95,8422.75,153.51M,-1.83%
21/04/15,8377.75,8416.1,8469.35,8352.7,420.43M,-0.83%
22/04/15,8429.7,8400.4,8449.95,8284.7,177.13M,0.62%
23/04/15,8398.3,8478.2,8504.95,8361.85,160.80M,-0.37%
24/04/15,8305.25,8405.7,8413.3,8273.35,178.99M,-1.11%
27/04/15,8213.8,8330.55,8334.45,8202.35,176.84M,-1.10%
28/04/15,8285.6,8215.55,8308,8185.15,179.97M,0.87%
29/04/15,8239.75,8274.8,8308.2,8219.2,165.36M,-0.55%
30/04/15,8181.5,8224.5,8229.4,8144.75,276.02M,-0.71%
04/05/15,8331.95,8230.05,8346,8220.45,135.76M,1.84%
05/05/15,8324.8,8338.4,8355.65,8280.6,160.34M,-0.09%
06/05/15,8097,8316.6,8331.95,8083,216.09M,-2.74%
07/05/15,8057.3,8077,8122.6,7997.15,166.56M,-0.49%
08/05/15,8191.5,8131.5,8224.95,8123.45,188.78M,1.67%
11/05/15,8325.25,8243.2,8332.75,8224.65,197.88M,1.63%
12/05/15,8126.95,8326.15,8326.65,8115.3,178.75M,-2.38%
13/05/15,8235.45,8181.55,8254.95,8089.8,175.02M,1.34%
14/05/15,8224.2,8232.45,8236.25,8137.3,138.96M,-0.14%
15/05/15,8262.35,8240.3,8279.2,8212.2,133.84M,0.46%
18/05/15,8373.65,8284.95,8384.6,8271.95,153.34M,1.35%
19/05/15,8365.65,8356.2,8427.8,8335,144.64M,-0.10%
20/05/15,8423.25,8392.65,8440.35,8391.45,127.39M,0.69%
21/05/15,8421,8434.5,8446.35,8382.5,148.19M,-0.03%
22/05/15,8458.95,8432.5,8489.55,8420.6,193.08M,0.45%
25/05/15,8370.25,8438.15,8441.95,8364.15,125.05M,-1.05%
26/05/15,8339.35,8377.1,8378.9,8320.05,120.43M,-0.37%
27/05/15,8334.6,8302.75,8342.85,8277.95,170.58M,-0.06%
28/05/15,8319,8345.7,8364.5,8270.15,239.55M,-0.19%
29/05/15,8433.65,8327.1,8443.9,8305.7,375.23M,1.38%
01/06/15,8433.4,8417.25,8467.15,8405.4,125.99M,0.00%
02/06/15,8236.45,8442.8,8445.35,8226.05,151.34M,-2.34%
03/06/15,8135.1,8232.45,8236.7,8094.15,176.66M,-1.23%
04/06/15,8130.65,8155.15,8160.05,8056.75,159.47M,-0.05%
05/06/15,8114.7,8119.15,8191,8100.15,167.06M,-0.20%
08/06/15,8044.15,8124.35,8131,8030.55,140.08M,-0.87%
09/06/15,8022.4,8026.5,8057.15,8005.15,140.22M,-0.27%
10/06/15,8124.45,8024.15,8152.25,8023.8,141.03M,1.27%
11/06/15,7965.35,8157.3,8163.05,7958.25,171.35M,-1.96%
12/06/15,7982.9,7959.85,7995.6,7940.3,140.84M,0.22%
15/06/15,8013.9,7986.6,8057.7,7944.85,137.12M,0.39%
16/06/15,8047.3,8004.2,8061.85,7952.35,127.81M,0.42%
17/06/15,8091.55,8084.2,8136.85,8048.95,157.21M,0.55%
18/06/15,8174.6,8113.7,8186.9,8101.8,149.27M,1.03%
19/06/15,8224.95,8201.15,8250.8,8195.65,151.58M,0.62%
22/06/15,8353.1,8259.3,8369.45,8257.4,126.54M,1.56%
23/06/15,8381.55,8377.45,8398.45,8334.95,135.84M,0.34%
24/06/15,8360.85,8399.4,8421.35,8338.9,134.06M,-0.25%
25/06/15,8398,8336.25,8423.15,8329.5,207.42M,0.44%
26/06/15,8381.1,8393.95,8408.55,8339.7,113.96M,-0.20%
29/06/15,8318.4,8247.05,8329.45,8195.65,136.11M,-0.75%
30/06/15,8368.5,8316.35,8378,8298.95,163.37M,0.60%
01/07/15,8453.05,8376.25,8481.6,8370.15,135.89M,1.01%
02/07/15,8444.9,8471.95,8479.25,8433.2,115.47M,-0.10%
03/07/15,8484.9,8440.1,8497.75,8424.15,91.14M,0.47%
06/07/15,8522.15,8386.15,8533.15,8386.15,104.58M,0.44%
07/07/15,8510.8,8525.5,8561.35,8483.85,126.04M,-0.13%
08/07/15,8363.05,8439.2,8457.5,8341.4,193.89M,-1.74%
09/07/15,8328.55,8364.85,8400.3,8323,135.36M,-0.41%
10/07/15,8360.55,8365.7,8377.1,8315.4,158.88M,0.38%
13/07/15,8459.65,8397.25,8471.65,8355.4,121.38M,1.19%
14/07/15,8454.1,8470.6,8480.25,8424.1,104.89M,-0.07%
15/07/15,8523.8,8463.4,8531.4,8462.95,108.84M,0.82%
16/07/15,8608.05,8546.15,8616.1,8542.9,119.64M,0.99%
17/07/15,8609.85,8623.65,8642.95,8593.15,108.19M,0.02%
20/07/15,8603.45,8623.9,8624.1,8559,93.44M,-0.07%
21/07/15,8529.45,8601.5,8646.75,8517.9,169.15M,-0.86%
22/07/15,8633.5,8512.25,8643.9,8498.65,141.02M,1.22%
23/07/15,8589.8,8643.95,8654.75,8573.8,136.96M,-0.51%
24/07/15,8521.55,8588.15,8589.15,8513.5,131.35M,-0.79%
27/07/15,8361,8492.1,8492.2,8351.55,140.83M,-1.88%
28/07/15,8337,8371.1,8397.4,8321.75,179.98M,-0.29%
29/07/15,8375.05,8365.6,8381.5,8338.45,145.40M,0.46%
30/07/15,8421.8,8417,8458.9,8408.3,221.94M,0.56%
31/07/15,8532.85,8456.1,8548.95,8448,209.63M,1.32%
03/08/15,8543.05,8510.65,8563.95,8508.1,161.49M,0.12%
04/08/15,8516.9,8564.1,8565.15,8448.25,193.23M,-0.31%
05/08/15,8567.95,8547.45,8591.85,8545.85,136.95M,0.60%
06/08/15,8588.65,8585.8,8606.3,8551.5,139.12M,0.24%
07/08/15,8564.6,8580.8,8595.95,8552.7,148.07M,-0.28%
10/08/15,8525.6,8577,8621.55,8497.8,127.20M,-0.46%
11/08/15,8462.35,8548.45,8556.25,8441.3,159.19M,-0.74%
12/08/15,8349.45,8445.7,8446.95,8337.95,195.90M,-1.33%
13/08/15,8355.85,8384.45,8429.5,8339.75,195.08M,0.08%
14/08/15,8518.55,8402.35,8530.1,8381.2,160.68M,1.95%
17/08/15,8477.3,8530.5,8530.6,8428.05,180.08M,-0.48%
18/08/15,8466.55,8505.85,8525.75,8433.6,157.99M,-0.13%
19/08/15,8495.15,8468.05,8520.45,8425.95,134.51M,0.34%
20/08/15,8372.75,8471.05,8501.35,8359.75,189.84M,-1.44%
21/08/15,8299.95,8305.4,8322.2,8225.05,207.54M,-0.87%
24/08/15,7809,8055.95,8060.05,7769.4,322.10M,-5.92%
25/08/15,7880.7,7895.4,7925.4,7667.25,308.26M,0.92%
26/08/15,7791.85,7865.25,7930.05,7777.1,223.26M,-1.13%
27/08/15,7948.95,7921.6,7963.6,7862.3,314.42M,2.02%
28/08/15,8001.95,8053.7,8091.8,7961.65,201.57M,0.67%
31/08/15,7971.3,8009.25,8043.6,7947.95,204.26M,-0.38%
01/09/15,7785.85,7907.95,7929.1,7746.5,190.58M,-2.33%
02/09/15,7717,7856.65,7862.55,7699.25,222.00M,-0.88%
03/09/15,7823,7774.45,7845.6,7754.05,160.61M,1.37%
04/09/15,7655.05,7803.4,7804.9,7626.85,199.57M,-2.15%
07/09/15,7558.8,7685.85,7705.05,7545.9,145.76M,-1.26%
08/09/15,7688.25,7587.7,7720.9,7539.5,177.52M,1.71%
09/09/15,7818.6,7805.85,7846.05,7764.55,214.84M,1.70%
10/09/15,7788.1,7729.05,7819.85,7678.5,165.31M,-0.39%
11/09/15,7789.3,7833.8,7864.85,7759.9,140.58M,0.02%
14/09/15,7872.25,7811.1,7879.95,7761.85,126.63M,1.06%
15/09/15,7829.1,7867.35,7880,7799.75,140.72M,-0.55%
16/09/15,7899.15,7886.85,7913.9,7853.3,144.33M,0.89%
18/09/15,7981.9,7967.45,8055,7955.85,249.31M,1.05%
21/09/15,7977.1,7911.5,7987.9,7908.35,125.63M,-0.06%
22/09/15,7812,8014.8,8021.6,7787.75,173.57M,-2.07%
23/09/15,7845.95,7737.35,7882.9,7723.25,151.20M,0.43%
24/09/15,7868.5,7838.4,7894.5,7804.1,208.77M,0.29%
28/09/15,7795.7,7892.8,7893.95,7787.95,140.48M,-0.93%
29/09/15,7843.3,7725.7,7926.55,7691.2,248.11M,0.61%
30/09/15,7948.9,7924.25,7957.7,7874.5,217.19M,1.35%
01/10/15,7950.9,7992.05,8008.25,7930.65,161.81M,0.03%
05/10/15,8119.3,8005.1,8128.9,8005.1,188.83M,2.12%
06/10/15,8152.9,8180.45,8180.95,8096.5,184.04M,0.41%
07/10/15,8177.4,8146.2,8188.9,8132.9,199.91M,0.30%
08/10/15,8129.35,8196.75,8196.75,8105.85,177.03M,-0.59%
09/10/15,8189.7,8186.35,8232.2,8139.65,205.86M,0.74%
12/10/15,8143.6,8231.5,8244.5,8128.2,205.26M,-0.56%
13/10/15,8131.7,8121.95,8150.25,8088.6,150.43M,-0.15%
14/10/15,8107.9,8102.4,8139.3,8096.35,143.16M,-0.29%
15/10/15,8179.5,8134.35,8190.55,8129.8,172.43M,0.88%
16/10/15,8238.15,8193.65,8246.4,8147.65,161.15M,0.72%
19/10/15,8275.05,8262.55,8283.05,8239.2,128.30M,0.45%
20/10/15,8261.65,8280.3,8294.05,8229.2,159.95M,-0.16%
21/10/15,8251.7,8258.35,8294.4,8217.15,149.27M,-0.12%
23/10/15,8295.45,8308.25,8328.1,8280.75,156.66M,0.53%
26/10/15,8260.55,8333.65,8336.3,8252.05,138.01M,-0.42%
27/10/15,8232.9,8230.35,8241.95,8217.05,161.49M,-0.33%
28/10/15,8171.2,8188.9,8209.1,8131.8,194.71M,-0.75%
29/10/15,8111.75,8175.45,8179.6,8098,224.23M,-0.73%
30/10/15,8065.8,8123.55,8146.1,8044.4,205.66M,-0.57%
02/11/15,8050.8,8054.55,8060.7,7995.6,140.32M,-0.19%
03/11/15,8060.7,8086.35,8100.35,8031.75,136.62M,0.12%
04/11/15,8040.2,8104.9,8116.1,8027.3,125.94M,-0.25%
05/11/15,7955.45,8030.35,8031.2,7944.1,136.22M,-1.05%
06/11/15,7954.3,7956.55,8002.65,7926.15,226.33M,-0.01%
09/11/15,7915.2,7788.25,7937.75,7771.7,218.42M,-0.49%
10/11/15,7783.35,7877.6,7885.1,7772.85,170.27M,-1.67%
11/11/15,7825,7838.8,7847.95,7819.1,223.80M,0.54%
13/11/15,7762.25,7762.45,7775.1,7730.9,165.88M,-0.80%
16/11/15,7806.6,7732.95,7838.85,7714.15,154.14M,0.57%
17/11/15,7837.55,7848.75,7860.45,7793,149.45M,0.40%
18/11/15,7731.8,7823.15,7843.4,7725.05,148.04M,-1.35%
19/11/15,7842.75,7788.5,7854.9,7765.45,136.70M,1.43%
20/11/15,7856.55,7841.9,7906.95,7817.8,156.61M,0.18%
23/11/15,7849.25,7869.5,7877.5,7825.2,130.87M,-0.09%
24/11/15,7831.6,7837,7870.35,7812.65,134.56M,-0.22%
26/11/15,7883.8,7837.15,7897.1,7832,226.63M,0.67%
27/11/15,7942.7,7910.6,7959.3,7879.45,154.86M,0.75%
30/11/15,7935.25,7936.25,7966,7922.8,223.04M,-0.09%
01/12/15,7954.9,7958.15,7972.15,7934.15,142.94M,0.25%
02/12/15,7931.35,7976.7,7979.3,7910.8,130.21M,-0.30%
03/12/15,7864.15,7902.3,7912.3,7853.3,129.63M,-0.85%
04/12/15,7781.9,7817.6,7821.4,7775.7,157.23M,-1.05%
07/12/15,7765.4,7816.55,7825.4,7746.05,141.89M,-0.21%
08/12/15,7701.7,7738.5,7771.25,7685.45,139.32M,-0.82%
09/12/15,7612.5,7695.5,7702.85,7606.9,144.32M,-1.16%
10/12/15,7683.3,7643.3,7691.95,7610,145.25M,0.93%
11/12/15,7610.45,7699.6,7703.05,7575.3,173.00M,-0.95%
14/12/15,7650.05,7558.2,7663.95,7551.05,153.49M,0.52%
15/12/15,7700.9,7659.15,7705,7625.1,138.48M,0.66%
16/12/15,7750.9,7725.25,7776.6,7715.75,159.15M,0.65%
17/12/15,7844.35,7783.05,7852.9,7737.55,181.26M,1.21%
18/12/15,7761.95,7828.9,7836.15,7753.35,197.32M,-1.05%
21/12/15,7834.45,7745.65,7840.75,7733.45,130.17M,0.93%
22/12/15,7786.1,7829.4,7846.3,7776.85,129.63M,-0.62%
23/12/15,7865.95,7830.45,7871.45,7826.1,121.48M,1.03%
24/12/15,7861.05,7888.75,7888.75,7835.5,96.37M,-0.06%
28/12/15,7925.15,7863.2,7937.2,7863,126.74M,0.82%
29/12/15,7928.95,7929.2,7942.15,7902.75,116.54M,0.05%
30/12/15,7896.25,7938.6,7944.75,7889.85,110.15M,-0.41%
31/12/15,7946.35,7897.8,7955.55,7891.15,155.64M,0.63%
01/01/16,7963.2,7938.45,7972.55,7909.8,64.84M,0.21%
04/01/16,7791.3,7924.55,7937.55,7781.1,138.86M,-2.16%
05/01/16,7784.65,7828.4,7831.2,7763.25,149.67M,-0.09%
06/01/16,7741,7788.05,7800.95,7721.2,151.72M,-0.56%
07/01/16,7568.3,7673.35,7674.95,7556.6,194.73M,-2.23%
08/01/16,7601.35,7611.65,7634.1,7581.05,162.35M,0.44%
11/01/16,7563.85,7527.45,7605.1,7494.35,194.84M,-0.49%
12/01/16,7510.3,7587.2,7588.3,7487.8,168.98M,-0.71%
13/01/16,7562.4,7557.9,7590.95,7425.8,221.91M,0.69%
14/01/16,7536.8,7467.4,7604.8,7443.8,206.99M,-0.34%
15/01/16,7437.8,7561.65,7566.5,7427.3,203.64M,-1.31%
18/01/16,7351,7420.35,7463.65,7336.4,240.80M,-1.17%
19/01/16,7435.1,7381.8,7462.75,7364.15,194.07M,1.14%
20/01/16,7309.3,7357,7470.9,7241.5,232.61M,-1.69%
21/01/16,7276.8,7376.65,7398.7,7250,248.11M,-0.44%
22/01/16,7422.45,7355.7,7433.4,7327.6,236.28M,2.00%
25/01/16,7436.15,7468.75,7487.15,7421.2,168.20M,0.18%
27/01/16,7437.75,7469.6,7477.9,7419.7,193.39M,0.02%
28/01/16,7424.65,7426.5,7468.85,7409.6,283.04M,-0.18%
29/01/16,7563.55,7413.35,7575.65,7402.8,307.93M,1.87%
01/02/16,7555.95,7589.5,7600.45,7541.25,206.64M,-0.10%
02/02/16,7455.55,7566.65,7576.3,7428.05,237.34M,-1.33%
03/02/16,7361.8,7392.45,7419.4,7350.3,197.86M,-1.26%
04/02/16,7404,7411.45,7457.05,7365.95,229.56M,0.57%
05/02/16,7489.1,7418.25,7503.15,7406.65,257.52M,1.15%
08/02/16,7387.25,7489.7,7512.55,7363.2,176.76M,-1.36%
09/02/16,7298.2,7303.95,7323.45,7275.15,218.73M,-1.21%
10/02/16,7215.7,7264.3,7271.85,7177.75,254.48M,-1.13%
11/02/16,6976.35,7203.6,7208.65,6959.95,301.30M,-3.32%
12/02/16,6980.95,7023.65,7034.8,6869,344.21M,0.07%
15/02/16,7162.95,7057.35,7182.8,7056.8,365.22M,2.61%
16/02/16,7048.25,7201.25,7204.65,7037.7,261.61M,-1.60%
17/02/16,7108.45,7058.85,7123.7,6960.65,268.02M,0.85%
18/02/16,7191.75,7177.4,7215.1,7127.85,254.33M,1.17%
19/02/16,7210.75,7170.55,7226.85,7145.95,198.21M,0.26%
22/02/16,7234.55,7208.85,7252.4,7200.7,159.16M,0.33%
23/02/16,7109.55,7240.3,7241.7,7090.7,200.40M,-1.73%
24/02/16,7018.7,7075,7090.8,7009.75,205.90M,-1.28%
25/02/16,6970.6,7029.85,7034.2,6961.4,291.93M,-0.69%
26/02/16,7029.75,7039.3,7052.9,6985.1,213.14M,0.85%
29/02/16,6987.05,7050.45,7094.6,6825.8,487.97M,-0.61%
01/03/16,7222.3,7038.25,7235.5,7035.1,283.56M,3.37%
02/03/16,7368.85,7321.7,7380.35,7308.15,348.97M,2.03%
03/03/16,7475.6,7429.55,7483.95,7406.05,287.25M,1.45%
04/03/16,7485.35,7505.4,7505.9,7444.1,290.44M,0.13%
08/03/16,7485.3,7486.4,7527.15,7442.15,264.94M,0.00%
09/03/16,7531.8,7436.1,7539,7424.3,252.71M,0.62%
10/03/16,7486.15,7545.35,7547.1,7447.4,231.58M,-0.61%
11/03/16,7510.2,7484.85,7543.95,7460.6,204.81M,0.32%
14/03/16,7538.75,7542.6,7583.7,7515.05,172.07M,0.38%
15/03/16,7460.6,7535.85,7545.2,7452.8,199.65M,-1.04%
16/03/16,7498.75,7457.05,7508,7405.15,201.43M,0.51%
17/03/16,7512.55,7557.4,7585.3,7479.4,247.04M,0.18%
18/03/16,7604.35,7534.65,7613.6,7517.9,244.73M,1.22%
21/03/16,7704.25,7619.2,7713.55,7617.7,202.85M,1.31%
22/03/16,7714.9,7695.55,7728.2,7643.8,215.36M,0.14%
23/03/16,7716.5,7717.45,7726.85,7670.6,205.80M,0.02%
28/03/16,7615.1,7741,7749.4,7587.7,249.90M,-1.31%
29/03/16,7597,7606.55,7652.9,7582.25,223.49M,-0.24%
30/03/16,7735.2,7651.1,7741.95,7643.45,239.84M,1.82%
31/03/16,7738.4,7727.65,7777.6,7702,391.91M,0.04%
01/04/16,7713.05,7718.05,7740.15,7666.1,189.57M,-0.33%
04/04/16,7758.8,7733.15,7764.45,7704.4,160.28M,0.59%
05/04/16,7603.2,7736.3,7736.3,7588.65,210.13M,-2.01%
06/04/16,7614.35,7636.05,7638.65,7591.75,170.65M,0.15%
07/04/16,7546.45,7630.4,7630.75,7535.85,241.68M,-0.89%
08/04/16,7555.2,7542.35,7569.35,7526.7,147.82M,0.12%
11/04/16,7671.4,7577.8,7678.8,7516.85,185.35M,1.54%
12/04/16,7708.95,7669.25,7717.4,7663.35,168.51M,0.49%
13/04/16,7850.45,7777.15,7864.8,7772.2,227.22M,1.84%
18/04/16,7914.7,7908.15,7920.6,7842.75,190.26M,0.82%
20/04/16,7914.75,7950.05,7950.4,7877.55,211.63M,0.00%
21/04/16,7912.05,7953.65,7978.45,7884.1,230.58M,-0.03%
22/04/16,7899.3,7891.8,7923.35,7873.35,188.99M,-0.16%
25/04/16,7855.05,7894.8,7911,7827,150.78M,-0.56%
26/04/16,7962.65,7828.15,7974.5,7822.55,208.66M,1.37%
27/04/16,7979.9,7942,7991,7940.55,213.17M,0.22%
28/04/16,7847.25,7967.4,7992,7834.45,301.48M,-1.66%
29/04/16,7849.8,7844.25,7889.05,7788.7,251.23M,0.03%
02/05/16,7805.9,7822.7,7829.8,7777.3,150.82M,-0.56%
03/05/16,7747,7824.8,7890.25,7735.15,192.27M,-0.75%
04/05/16,7706.55,7724.15,7749,7697.25,205.94M,-0.52%
05/05/16,7735.5,7731,7777.55,7706.85,190.79M,0.38%
06/05/16,7733.45,7717.65,7738.9,7678.35,168.66M,-0.03%
09/05/16,7866.05,7755.25,7873.65,7753.55,165.62M,1.71%
10/05/16,7887.8,7873.55,7896.9,7837.7,166.96M,0.28%
11/05/16,7848.85,7804.65,7893.1,7780.9,220.71M,-0.49%
12/05/16,7900.4,7871.45,7916.05,7849.65,157.44M,0.66%
13/05/16,7814.9,7881,7881,7784.2,185.06M,-1.08%
16/05/16,7860.75,7831.2,7873.9,7772.15,211.55M,0.59%
17/05/16,7890.75,7896.85,7940.1,7879.7,189.14M,0.38%
18/05/16,7870.15,7846.75,7882.05,7810.75,161.17M,-0.26%
19/05/16,7783.4,7875.5,7876.2,7766.8,175.71M,-1.10%
20/05/16,7749.7,7792.2,7812.4,7735.75,161.89M,-0.43%
23/05/16,7731.05,7813.95,7820.6,7722.2,177.35M,-0.24%
24/05/16,7748.85,7738.05,7761.55,7715.8,151.54M,0.23%
25/05/16,7934.9,7811.8,7941.2,7809.3,181.64M,2.40%
26/05/16,8069.65,7974.45,8083,7948.5,272.46M,1.70%
27/05/16,8156.65,8081.95,8164.2,8077.05,268.96M,1.08%
30/05/16,8178.5,8166.5,8200,8150.8,255.09M,0.27%
31/05/16,8160.1,8209.85,8213.6,8134.3,485.65M,-0.22%
01/06/16,8179.95,8179.2,8215.35,8171.05,200.37M,0.24%
02/06/16,8218.95,8156.9,8229.5,8154.75,187.32M,0.48%
03/06/16,8220.8,8246.2,8262,8209.85,390.65M,0.02%
06/06/16,8201.05,8228.75,8234.7,8186.05,176.88M,-0.24%
07/06/16,8266.45,8235.55,8294.95,8216.4,249.37M,0.80%
08/06/16,8273.05,8285.5,8288.9,8252.05,179.71M,0.08%
09/06/16,8203.6,8273.35,8273.35,8184.6,180.29M,-0.84%
10/06/16,8170.05,8180.25,8265.6,8162.85,187.76M,-0.41%
13/06/16,8110.6,8102.25,8125.25,8063.9,174.92M,-0.73%
14/06/16,8108.85,8134.4,8134.95,8069.5,150.04M,-0.02%
15/06/16,8206.6,8139.4,8213.2,8123.15,174.95M,1.21%
16/06/16,8140.75,8180.65,8180.65,8074.45,195.03M,-0.80%
17/06/16,8170.2,8176.65,8195.25,8135.8,171.84M,0.36%
20/06/16,8238.5,8115.75,8244.15,8107.35,173.75M,0.84%
21/06/16,8219.9,8255.4,8257.25,8202.15,141.16M,-0.23%
22/06/16,8203.7,8213.65,8238.35,8153.25,140.27M,-0.20%
23/06/16,8270.45,8201.15,8285.6,8188.3,158.85M,0.81%
24/06/16,8088.6,8029.1,8100.7,7927.05,306.80M,-2.20%
27/06/16,8094.7,8039.35,8120.65,8039.35,167.46M,0.08%
28/06/16,8127.85,8096.05,8146.35,8086.85,175.72M,0.41%
29/06/16,8204,8173.1,8212.4,8157.65,151.50M,0.94%
30/06/16,8287.75,8260.25,8308.15,8242.1,288.03M,1.02%
01/07/16,8328.35,8313.05,8356.75,8308.65,170.58M,0.49%
04/07/16,8370.7,8376.75,8398.45,8364.7,158.96M,0.51%
05/07/16,8335.95,8379.3,8381.45,8319.95,143.25M,-0.42%
07/07/16,8337.9,8342,8361.95,8317.7,160.33M,0.02%
08/07/16,8323.2,8350,8353.3,8287.55,142.16M,-0.18%
11/07/16,8467.9,8413.35,8475.25,8407.05,154.40M,1.74%
12/07/16,8521.05,8502.6,8526.6,8479.2,189.34M,0.63%
13/07/16,8519.5,8540.45,8550.25,8493.55,201.49M,-0.02%
14/07/16,8565,8515.75,8571.4,8500.7,158.74M,0.53%
15/07/16,8541.4,8565.45,8594.8,8510.05,228.60M,-0.28%
18/07/16,8508.7,8564.05,8587.1,8494.35,169.40M,-0.38%
19/07/16,8528.55,8514.3,8540.05,8476.7,173.05M,0.23%
20/07/16,8565.85,8515.45,8569.9,8512.55,165.35M,0.44%
21/07/16,8510.1,8582.7,8585.25,8503.45,154.58M,-0.65%
22/07/16,8541.2,8519.65,8548.95,8489.8,147.62M,0.37%
25/07/16,8635.65,8519.95,8641.15,8517.2,154.63M,1.11%
26/07/16,8590.65,8633.75,8644.9,8577.15,159.56M,-0.52%
27/07/16,8615.8,8599.4,8665,8572.05,189.80M,0.29%
28/07/16,8666.3,8636.95,8674.7,8625.25,240.72M,0.59%
29/07/16,8638.5,8668.3,8670.35,8631.15,161.94M,-0.32%
01/08/16,8636.55,8654.3,8711.3,8590.5,194.19M,-0.02%
02/08/16,8622.9,8647.45,8687.2,8611.4,174.56M,-0.16%
03/08/16,8544.85,8635.2,8635.45,8529.6,168.03M,-0.91%
04/08/16,8551.1,8599.95,8601.4,8518.15,169.78M,0.07%
05/08/16,8683.15,8600.2,8689.4,8590.15,162.78M,1.54%
08/08/16,8711.35,8712.85,8723.5,8697.6,177.88M,0.32%
09/08/16,8678.25,8727.8,8728.35,8638.2,206.26M,-0.38%
10/08/16,8575.3,8686.7,8690.1,8564.6,178.96M,-1.19%
11/08/16,8592.15,8572.8,8601.15,8540.05,195.12M,0.20%
12/08/16,8672.15,8605.45,8684.3,8604.45,272.01M,0.93%
16/08/16,8642.55,8670.25,8682.35,8600.45,231.77M,-0.34%
17/08/16,8624.05,8639.8,8667.1,8603.6,179.54M,-0.21%
18/08/16,8673.25,8648.85,8690.7,8645.05,169.43M,0.57%
19/08/16,8666.9,8694.3,8696.6,8647.1,197.77M,-0.07%
22/08/16,8629.15,8667,8684.85,8614,156.98M,-0.44%
23/08/16,8632.6,8628.35,8642.15,8580,193.30M,0.04%
24/08/16,8650.3,8648.5,8661.05,8620.9,154.17M,0.21%
25/08/16,8592.2,8668.85,8683.05,8583.65,219.74M,-0.67%
26/08/16,8572.55,8614.35,8622.95,8547.55,152.15M,-0.23%
29/08/16,8607.45,8583.75,8622,8543.75,133.72M,0.41%
30/08/16,8744.35,8646.75,8750.6,8642.25,154.83M,1.59%
31/08/16,8786.2,8754.05,8819.2,8754.05,373.42M,0.48%
01/09/16,8774.65,8793.6,8813.25,8759.95,246.34M,-0.13%
02/09/16,8809.65,8796.35,8824.1,8768.2,197.38M,0.40%
06/09/16,8943,8852.7,8950.85,8848.45,201.62M,1.51%
07/09/16,8917.95,8968.7,8968.7,8913.35,299.15M,-0.28%
08/09/16,8952.5,8915.5,8960.35,8896,223.94M,0.39%
09/09/16,8866.7,8934.3,8939.15,8858.7,181.34M,-0.96%
12/09/16,8715.6,8732.95,8746.95,8699.4,190.20M,-1.70%
14/09/16,8726.6,8710.65,8739.85,8688.9,189.98M,0.13%
15/09/16,8742.55,8743.85,8751.95,8704.35,149.89M,0.18%
16/09/16,8779.85,8780.85,8847.65,8750.5,274.04M,0.43%
19/09/16,8808.4,8788.45,8824.3,8774.2,135.81M,0.33%
20/09/16,8775.9,8816.1,8816.45,8759.3,140.72M,-0.37%
21/09/16,8777.15,8790.3,8826.85,8757.3,153.44M,0.01%
22/09/16,8867.45,8873.35,8893.35,8837.8,178.14M,1.03%
23/09/16,8831.55,8880.75,8885.2,8820.3,191.62M,-0.40%
26/09/16,8723.05,8807.9,8809.55,8715.1,169.05M,-1.23%
27/09/16,8706.4,8748.9,8768.5,8690.5,156.10M,-0.19%
28/09/16,8745.15,8711.2,8767.05,8703.15,170.64M,0.45%
29/09/16,8591.25,8792.7,8800.65,8558.25,384.40M,-1.76%
30/09/16,8611.15,8581.5,8637.15,8555.2,187.33M,0.23%
03/10/16,8738.1,8666.15,8745.2,8635,141.47M,1.47%
04/10/16,8769.15,8770,8783.65,8736.1,189.99M,0.36%
05/10/16,8743.95,8806.35,8806.95,8731.4,162.10M,-0.29%
06/10/16,8709.55,8768.7,8781.15,8684.65,168.71M,-0.39%
07/10/16,8697.6,8721.7,8723.7,8663.8,155.05M,-0.14%
10/10/16,8708.8,8735.35,8745.8,8703.95,111.79M,0.13%
13/10/16,8573.35,8671.5,8681.55,8541.35,218.86M,-1.56%
14/10/16,8583.4,8594,8604.45,8549.8,167.85M,0.12%
17/10/16,8520.4,8612.95,8615.4,8506.15,203.52M,-0.73%
18/10/16,8677.9,8556.05,8685.1,8555.9,216.63M,1.85%
19/10/16,8659.1,8697.5,8698.75,8636.7,177.40M,-0.22%
20/10/16,8699.4,8693.35,8727,8678.3,165.95M,0.47%
21/10/16,8693.05,8708.6,8709.1,8652.05,162.16M,-0.07%
24/10/16,8708.95,8709.85,8736.95,8684.15,161.97M,0.18%
25/10/16,8691.3,8721.7,8722.65,8663.45,195.70M,-0.20%
26/10/16,8615.25,8657.3,8657.3,8596.6,226.13M,-0.88%
27/10/16,8615.25,8607.1,8624.85,8550.25,250.34M,0.00%
28/10/16,8638,8625,8653.75,8581.75,180.91M,0.26%
30/10/16,8625.7,8672.35,8678.25,8616.25,166.11M,-0.14%
01/11/16,8626.25,8653.15,8669.6,8614.5,170.07M,0.01%
02/11/16,8514,8542.8,8549.5,8504.85,160.13M,-1.30%
03/11/16,8484.95,8499.85,8537.65,8476.15,175.77M,-0.34%
04/11/16,8433.75,8503.6,8504,8400.25,231.78M,-0.60%
07/11/16,8497.05,8535.75,8535.85,8481.45,178.07M,0.75%
08/11/16,8543.55,8540,8559.4,8480.1,201.76M,0.55%
09/11/16,8432,8067.5,8476.2,8002.25,323.97M,-1.31%
10/11/16,8525.75,8555.6,8598.45,8510.7,271.20M,1.11%
11/11/16,8296.3,8456.65,8460.6,8284.95,275.22M,-2.69%
15/11/16,8108.45,8284.85,8288.55,8093.2,370.30M,-2.26%
16/11/16,8111.6,8205.65,8210.05,8089.4,277.80M,0.04%
17/11/16,8079.95,8105.1,8151.25,8060.3,197.18M,-0.39%
18/11/16,8074.1,8097.55,8128.95,8048.3,166.20M,-0.07%
21/11/16,7929.1,8102.1,8102.45,7916.4,225.61M,-1.80%
22/11/16,8002.3,7989.15,8019.05,7938.15,216.68M,0.92%
23/11/16,8033.3,8051.2,8055.2,7973.1,186.60M,0.39%
24/11/16,7965.5,8011.8,8024.85,7952.55,268.62M,-0.84%
25/11/16,8114.3,8007.95,8122.25,7976.75,183.36M,1.87%
28/11/16,8126.9,8080.65,8146.5,8066.5,195.60M,0.16%
29/11/16,8142.15,8131.55,8197.35,8128.7,195.62M,0.19%
30/11/16,8224.5,8172.15,8234.25,8139.25,255.72M,1.01%
01/12/16,8192.9,8244,8250.8,8185.05,162.60M,-0.38%
02/12/16,8086.8,8153.55,8159.3,8070.05,176.77M,-1.30%
05/12/16,8128.75,8088.75,8141.9,8056.85,130.44M,0.52%
06/12/16,8143.15,8153.15,8178.7,8130.85,118.85M,0.18%
07/12/16,8102.05,8168.4,8190.45,8077.5,175.02M,-0.50%
08/12/16,8246.85,8152.1,8256.25,8151.75,146.86M,1.79%
09/12/16,8261.75,8271.7,8274.95,8241.95,154.34M,0.18%
12/12/16,8170.8,8230.65,8230.65,8154.45,111.43M,-1.10%
13/12/16,8221.8,8196.15,8228.85,8155.8,189.74M,0.62%
14/12/16,8182.45,8229.35,8229.4,8165.1,149.13M,-0.48%
15/12/16,8153.6,8128.4,8225.9,8121.95,187.43M,-0.35%
16/12/16,8139.45,8178.2,8178.7,8127.45,209.27M,-0.17%
19/12/16,8104.35,8126,8132.5,8094.85,110.67M,-0.43%
20/12/16,8082.4,8110.6,8124.1,8062.75,132.03M,-0.27%
21/12/16,8061.3,8105.85,8112.55,8053.25,127.54M,-0.26%
22/12/16,7979.1,8043.85,8046.45,7964.95,126.41M,-1.02%
23/12/16,7985.75,7972.5,8022.6,7942.05,127.92M,0.08%
26/12/16,7908.25,7965.1,7970.05,7893.8,110.17M,-0.97%
27/12/16,8032.85,7915.05,8044.65,7903.7,122.46M,1.58%
28/12/16,8034.85,8047.55,8100.55,8028.4,130.58M,0.02%
29/12/16,8103.6,8030.6,8111.1,8020.8,183.98M,0.86%
30/12/16,8185.8,8119.65,8197,8114.75,131.46M,1.01%
02/01/17,8179.5,8210.1,8212,8133.8,122.02M,-0.08%
03/01/17,8192.25,8196.05,8219.1,8148.6,131.19M,0.16%
04/01/17,8190.5,8202.65,8218.5,8180.9,136.48M,-0.02%
05/01/17,8273.8,8226.65,8282.65,8223.7,163.96M,1.02%
06/01/17,8243.8,8281.85,8306.85,8233.25,143.69M,-0.36%
09/01/17,8236.05,8259.35,8263,8227.75,102.21M,-0.09%
10/01/17,8288.6,8262.7,8293.8,8261,147.31M,0.64%
11/01/17,8380.65,8327.8,8389,8322.25,192.28M,1.11%
12/01/17,8407.2,8391.05,8417.2,8382.3,177.95M,0.32%
13/01/17,8400.35,8457.65,8461.05,8373.15,190.95M,-0.08%
16/01/17,8412.8,8390.95,8426.7,8374.4,127.94M,0.15%
17/01/17,8398,8415.05,8440.9,8378.3,125.78M,-0.18%
18/01/17,8417,8403.85,8460.3,8397.4,168.87M,0.23%
19/01/17,8435.1,8418.4,8445.15,8404.05,170.96M,0.22%
20/01/17,8349.35,8404.35,8423.65,8340.95,208.90M,-1.02%
23/01/17,8391.5,8329.6,8404.15,8327.2,200.99M,0.50%
24/01/17,8475.8,8407.05,8480.95,8398.15,184.75M,1.00%
25/01/17,8602.75,8499.45,8612.6,8493.95,301.49M,1.50%
27/01/17,8641.25,8610.5,8672.7,8606.9,283.91M,0.45%
30/01/17,8632.75,8635.55,8662.6,8617.75,314.11M,-0.10%
31/01/17,8561.3,8629.45,8631.75,8552.4,537.11M,-0.83%
01/02/17,8716.4,8570.35,8722.4,8537.5,337.80M,1.81%
02/02/17,8734.25,8724.75,8757.6,8685.8,292.33M,0.20%
03/02/17,8740.95,8735.15,8748.25,8707.75,196.94M,0.08%
06/02/17,8801.05,8785.45,8814.1,8770.2,200.40M,0.69%
07/02/17,8768.3,8805.7,8809.3,8741.05,233.30M,-0.37%
08/02/17,8769.05,8774.55,8791.25,8715,225.49M,0.01%
09/02/17,8778.4,8795.55,8821.4,8724.1,193.28M,0.11%
10/02/17,8793.55,8812.35,8822.1,8771.2,232.95M,0.17%
13/02/17,8805.05,8819.8,8826.9,8754.2,211.18M,0.13%
14/02/17,8792.3,8819.9,8820.45,8772.5,194.13M,-0.14%
15/02/17,8724.7,8778.95,8807.9,8712.85,222.83M,-0.77%
16/02/17,8778,8739,8783.95,8719.6,190.28M,0.61%
17/02/17,8821.7,8883.7,8896.45,8804.25,307.53M,0.50%
20/02/17,8879.2,8818.55,8886.25,8809.8,173.02M,0.65%
21/02/17,8907.85,8890.75,8920.8,8860.95,181.09M,0.32%
22/02/17,8926.9,8931.6,8960.75,8905.25,254.68M,0.21%
23/02/17,8939.5,8956.4,8982.15,8927.55,388.87M,0.14%
27/02/17,8896.7,8943.7,8951.8,8888.65,195.85M,-0.48%
28/02/17,8879.6,8898.95,8914.75,8867.6,302.72M,-0.19%
01/03/17,8945.8,8904.4,8960.8,8898.6,212.33M,0.75%
02/03/17,8899.75,8982.85,8992.5,8879.8,225.61M,-0.51%
03/03/17,8897.55,8883.5,8907.1,8860.1,208.92M,-0.02%
06/03/17,8963.45,8915.1,8967.8,8914,180.20M,0.74%
07/03/17,8946.9,8977.75,8977.85,8932.8,178.83M,-0.18%
08/03/17,8924.3,8950.7,8957.05,8891.95,183.33M,-0.25%
09/03/17,8927,8914.5,8945.8,8899.5,176.81M,0.03%
10/03/17,8934.55,8953.7,8975.7,8903.95,157.42M,0.08%
14/03/17,9087,9091.65,9122.75,9060.5,278.73M,1.71%
15/03/17,9084.8,9086.85,9106.55,9075.5,248.03M,-0.02%
16/03/17,9153.7,9129.65,9158.45,9128.55,215.10M,0.76%
17/03/17,9160.05,9207.8,9218.4,9147.6,295.55M,0.07%
20/03/17,9126.85,9166.95,9167.6,9116.3,342.40M,-0.36%
21/03/17,9121.5,9133.95,9147.75,9087.2,255.40M,-0.06%
22/03/17,9030.45,9047.2,9072.9,9019.3,239.46M,-1.00%
23/03/17,9086.3,9048.75,9099.05,9048.6,197.70M,0.62%
24/03/17,9108,9104,9133.55,9089.4,210.02M,0.24%
27/03/17,9045.2,9093.45,9094.85,9024.65,209.04M,-0.69%
28/03/17,9100.8,9081.5,9110.4,9079.8,188.99M,0.61%
29/03/17,9143.8,9128.7,9153.15,9109.1,250.90M,0.47%
30/03/17,9173.75,9142.6,9183.15,9136.35,333.41M,0.33%
31/03/17,9173.75,9158.9,9191.7,9152.1,196.77M,0.00%
03/04/17,9237.85,9220.6,9245.35,9192.4,143.44M,0.70%
05/04/17,9265.15,9264.4,9273.9,9215.4,190.53M,0.30%
06/04/17,9261.95,9245.8,9267.95,9218.85,191.94M,-0.03%
07/04/17,9198.3,9223.7,9250.5,9188.1,195.92M,-0.69%
10/04/17,9181.45,9225.6,9225.65,9174.85,139.97M,-0.18%
11/04/17,9237,9184.55,9242.7,9172.85,206.26M,0.61%
12/04/17,9203.45,9242.5,9246.4,9161.8,166.76M,-0.36%
13/04/17,9150.8,9202.5,9202.65,9144.95,171.70M,-0.57%
17/04/17,9139.3,9144.75,9160,9120.25,132.24M,-0.13%
18/04/17,9105.15,9163,9217.9,9095.45,179.57M,-0.37%
19/04/17,9103.5,9112.2,9120.5,9075.15,179.12M,-0.02%
20/04/17,9136.4,9108.1,9143.9,9102.65,175.63M,0.36%
21/04/17,9119.4,9179.1,9183.65,9088.75,159.98M,-0.19%
24/04/17,9217.95,9135.35,9225.4,9130.55,172.91M,1.08%
25/04/17,9306.6,9273.05,9309.2,9250.35,173.90M,0.96%
26/04/17,9351.85,9336.2,9367,9301.35,191.40M,0.49%
27/04/17,9342.15,9359.15,9367.15,9322.65,215.88M,-0.10%
28/04/17,9304.05,9340.95,9342.65,9282.25,167.23M,-0.41%
02/05/17,9313.8,9339.85,9352.55,9269.9,166.56M,0.10%
03/05/17,9311.95,9344.7,9346.3,9298.4,156.34M,-0.02%
04/05/17,9359.9,9360.95,9365.65,9323.25,277.90M,0.51%
05/05/17,9285.3,9374.55,9377.1,9272,239.13M,-0.80%
08/05/17,9314.05,9311.45,9338.7,9297.95,179.71M,0.31%
09/05/17,9316.85,9337.35,9338.95,9307.7,136.42M,0.03%
10/05/17,9407.3,9339.65,9414.75,9336,157.36M,0.97%
11/05/17,9422.4,9448.6,9450.65,9411.3,176.44M,0.16%
12/05/17,9400.9,9436.65,9437.75,9372.55,159.08M,-0.23%
15/05/17,9445.4,9433.55,9449.25,9423.1,145.16M,0.47%
16/05/17,9512.25,9461,9517.2,9456.35,171.71M,0.71%
17/05/17,9525.75,9517.6,9532.6,9486.1,211.86M,0.14%
18/05/17,9429.45,9453.2,9489.1,9418.1,199.34M,-1.01%
19/05/17,9427.9,9469.9,9505.75,9390.75,259.86M,-0.02%
22/05/17,9438.25,9480.25,9498.65,9427.9,202.88M,0.11%
23/05/17,9386.15,9445.05,9448.05,9370,231.35M,-0.55%
24/05/17,9360.55,9410.9,9431.9,9341.65,218.26M,-0.27%
25/05/17,9509.75,9384.05,9523.3,9379.2,298.15M,1.59%
26/05/17,9595.1,9507.75,9604.9,9495.4,225.65M,0.90%
29/05/17,9604.9,9560.05,9637.75,9547.7,242.27M,0.10%
30/05/17,9624.55,9590.65,9635.3,9581.2,199.89M,0.20%
31/05/17,9621.25,9636.55,9649.6,9609.25,427.05M,-0.03%
01/06/17,9616.1,9603.55,9634.65,9589.9,181.53M,-0.05%
02/06/17,9653.5,9657.15,9673.5,9637.45,167.20M,0.39%
05/06/17,9675.1,9656.3,9687.2,9640.7,131.69M,0.22%
06/06/17,9637.15,9704.25,9709.3,9630.2,150.38M,-0.39%
07/06/17,9663.9,9663.95,9678.55,9630.55,165.67M,0.28%
08/06/17,9647.25,9682.4,9688.7,9641.5,160.16M,-0.17%
09/06/17,9668.25,9638.55,9676.25,9608.15,163.90M,0.22%
12/06/17,9616.4,9646.7,9647.05,9598.5,145.79M,-0.54%
13/06/17,9606.9,9615.55,9654.15,9595.4,133.73M,-0.10%
14/06/17,9618.15,9621.55,9627.4,9580.45,187.38M,0.12%
15/06/17,9578.05,9617.9,9621.4,9560.8,176.42M,-0.42%
16/06/17,9588.05,9595.45,9615.85,9565.5,219.81M,0.10%
19/06/17,9657.55,9626.4,9673.3,9614.9,146.15M,0.72%
20/06/17,9653.5,9670.5,9676.5,9643.75,164.44M,-0.04%
21/06/17,9633.6,9648.1,9650.45,9608.6,148.49M,-0.21%
22/06/17,9630,9642.65,9698.85,9617.75,204.89M,-0.04%
23/06/17,9574.95,9643.25,9647.65,9565.3,180.58M,-0.57%
27/06/17,9511.4,9594.05,9615.4,9473.45,209.59M,-0.66%
28/06/17,9491.25,9520.2,9522.5,9474.35,177.65M,-0.21%
29/06/17,9504.1,9522.95,9575.8,9493.8,267.28M,0.14%
30/06/17,9520.9,9478.5,9535.8,9448.75,185.20M,0.18%
03/07/17,9615,9587.95,9624,9543.55,188.69M,0.99%
04/07/17,9613.3,9645.9,9650.65,9595.5,149.31M,-0.02%
05/07/17,9637.6,9619.75,9643.65,9607.35,134.85M,0.25%
06/07/17,9674.55,9653.6,9700.7,9639.95,152.00M,0.38%
07/07/17,9665.8,9670.35,9684.25,9642.65,146.23M,-0.09%
10/07/17,9771.05,9719.3,9782.15,9646.45,38.75M,1.09%
11/07/17,9786.05,9797.45,9830.05,9778.85,185.32M,0.15%
12/07/17,9816.1,9807.3,9824.95,9787.7,150.05M,0.31%
13/07/17,9891.7,9855.8,9897.25,9853.45,186.87M,0.77%
14/07/17,9886.35,9913.3,9913.3,9845.45,164.46M,-0.05%
17/07/17,9915.95,9908.15,9928.2,9894.7,168.60M,0.30%
18/07/17,9827.15,9832.7,9885.35,9792.05,303.01M,-0.90%
19/07/17,9899.6,9855.95,9905.05,9851.65,206.38M,0.74%
20/07/17,9873.3,9920.2,9922.55,9863.45,166.08M,-0.27%
21/07/17,9915.25,9899.6,9924.7,9838,193.29M,0.42%
24/07/17,9966.4,9936.8,9982.05,9919.6,179.91M,0.52%
25/07/17,9964.55,10010.55,10011.3,9949.1,191.21M,-0.02%
26/07/17,10020.65,9983.65,10025.95,9965.95,203.70M,0.56%
27/07/17,10020.55,10063.25,10114.85,10005.5,296.78M,0.00%
28/07/17,10014.5,9996.55,10026.05,9944.5,197.49M,-0.06%
31/07/17,10077.1,10034.7,10085.9,10016.95,245.10M,0.63%
01/08/17,10114.65,10101.05,10128.6,10065.75,190.00M,0.37%
02/08/17,10081.5,10136.3,10137.85,10054.2,166.46M,-0.33%
03/08/17,10013.65,10081.15,10081.15,9998.25,198.67M,-0.67%
04/08/17,10066.4,10008.6,10075.25,9988.35,184.08M,0.53%
07/08/17,10057.4,10074.8,10088.1,10046.35,141.57M,-0.09%
08/08/17,9978.55,10068.35,10083.8,9947,209.64M,-0.78%
09/08/17,9908.05,9961.15,9969.8,9893.05,174.40M,-0.71%
10/08/17,9820.25,9872.85,9892.65,9776.2,242.82M,-0.89%
11/08/17,9710.8,9712.15,9771.65,9685.55,294.73M,-1.11%
14/08/17,9794.15,9755.75,9818.3,9752.1,201.61M,0.86%
16/08/17,9897.3,9825.85,9903.95,9773.85,226.27M,1.05%
17/08/17,9904.15,9945.55,9947.8,9883.75,203.65M,0.07%
18/08/17,9837.4,9865.95,9865.95,9783.65,253.93M,-0.67%
21/08/17,9754.35,9864.25,9884.35,9740.1,211.63M,-0.84%
22/08/17,9765.55,9815.75,9828.45,9752.6,189.27M,0.11%
23/08/17,9852.5,9803.05,9857.9,9786.75,173.82M,0.89%
24/08/17,9857.05,9881.2,9881.5,9848.85,190.40M,0.05%
28/08/17,9912.8,9907.15,9925.75,9882,164.49M,0.57%
29/08/17,9796.05,9886.4,9887.35,9783.75,178.67M,-1.18%
30/08/17,9884.4,9859.5,9909.45,9850.8,162.70M,0.90%
31/08/17,9917.9,9905.7,9925.1,9856.95,337.78M,0.34%
01/09/17,9974.4,9937.65,9983.45,9909.85,162.73M,0.57%
04/09/17,9912.85,9984.15,9988.4,9861,153.37M,-0.62%
05/09/17,9952.2,9933.25,9963.1,9901.05,143.52M,0.40%
06/09/17,9916.2,9899.25,9931.55,9882.55,153.77M,-0.36%
07/09/17,9929.9,9945.85,9964.85,9917.2,194.63M,0.14%
08/09/17,9934.8,9958.65,9963.6,9913.3,168.70M,0.05%
11/09/17,10006.05,9971.75,10028.65,9968.8,178.41M,0.72%
12/09/17,10093.05,10056.85,10097.55,10028.05,188.25M,0.87%
13/09/17,10079.3,10099.25,10131.95,10063.15,221.61M,-0.14%
14/09/17,10086.6,10107.4,10126.5,10070.35,232.64M,0.07%
15/09/17,10085.4,10062.35,10115.15,10043.65,274.80M,-0.01%
18/09/17,10153.1,10133.1,10171.7,10131.3,160.85M,0.67%
19/09/17,10147.55,10175.6,10178.95,10129.95,193.35M,-0.05%
20/09/17,10141.15,10160.95,10171.05,10134.2,205.60M,-0.06%
21/09/17,10121.9,10139.6,10158.9,10058.6,197.71M,-0.19%
22/09/17,9964.4,10094.35,10095.05,9952.8,233.62M,-1.56%
25/09/17,9872.6,9960.1,9960.5,9816.05,228.21M,-0.92%
26/09/17,9871.5,9875.25,9891.35,9813,196.79M,-0.01%
27/09/17,9735.75,9920.6,9921.05,9714.4,206.31M,-1.38%
28/09/17,9768.95,9736.4,9789.2,9687.55,396.88M,0.34%
29/09/17,9788.6,9814.3,9854,9775.35,202.35M,0.20%
03/10/17,9859.5,9893.3,9895.4,9831.05,167.83M,0.72%
04/10/17,9914.9,9884.35,9938.3,9850.65,160.99M,0.56%
05/10/17,9888.7,9927,9945.95,9881.85,152.36M,-0.26%
06/10/17,9979.7,9908.15,9989.35,9906.6,201.86M,0.92%
09/10/17,9988.75,9988.2,10015.75,9959.45,148.40M,0.09%
10/10/17,10016.95,10013.7,10034,10002.3,153.25M,0.28%
11/10/17,9984.8,10042.6,10067.25,9955.8,195.59M,-0.32%
12/10/17,10096.4,10011.2,10104.45,9977.1,207.11M,1.12%
13/10/17,10167.45,10123.7,10191.9,10120.1,237.23M,0.70%
16/10/17,10230.85,10207.4,10242.95,10175.1,209.33M,0.62%
17/10/17,10234.45,10227.65,10251.85,10212.6,201.78M,0.04%
18/10/17,10210.85,10209.4,10236.45,10175.75,262.11M,-0.23%
19/10/17,10146.55,10210.35,10211.95,10123.35,31.09M,-0.63%
23/10/17,10184.85,10176.65,10224.15,10124.5,224.80M,0.38%
24/10/17,10207.7,10218.55,10237.75,10182.4,223.91M,0.22%
25/10/17,10295.35,10321.15,10340.55,10240.9,612.62M,0.86%
26/10/17,10343.8,10291.8,10355.65,10271.85,443.04M,0.47%
27/10/17,10323.05,10362.3,10366.15,10311.3,322.41M,-0.20%
30/10/17,10363.65,10353.85,10384.5,10344.3,244.19M,0.39%
31/10/17,10335.3,10364.9,10367.7,10323.95,239.81M,-0.27%
01/11/17,10440.5,10390.35,10451.65,10383.05,268.27M,1.02%
02/11/17,10423.8,10440.5,10453,10412.55,207.74M,-0.16%
03/11/17,10452.5,10461.55,10461.7,10403.6,206.10M,0.28%
06/11/17,10451.8,10431.75,10490.45,10413.75,199.56M,-0.01%
07/11/17,10350.15,10477.15,10485.75,10340.8,295.83M,-0.97%
08/11/17,10303.15,10361.95,10384.25,10285.5,282.95M,-0.45%
09/11/17,10308.95,10358.65,10368.45,10266.95,247.61M,0.06%
10/11/17,10321.75,10304.35,10344.95,10254.1,287.96M,0.12%
13/11/17,10224.95,10322,10334.15,10216.25,216.80M,-0.94%
14/11/17,10186.6,10223.4,10248,10175.55,314.41M,-0.38%
15/11/17,10118.05,10171.95,10175.45,10094,213.84M,-0.67%
16/11/17,10214.75,10152.9,10232.25,10139.2,188.18M,0.96%
17/11/17,10283.6,10324.55,10343.6,10268.05,209.59M,0.67%
20/11/17,10298.75,10287.2,10309.85,10261.5,151.75M,0.15%
21/11/17,10326.9,10329.25,10358.7,10315.05,191.86M,0.27%
22/11/17,10342.3,10350.8,10368.7,10309.55,162.50M,0.15%
23/11/17,10348.75,10358.45,10374.3,10307.3,157.65M,0.06%
24/11/17,10389.7,10366.8,10404.5,10362.25,133.18M,0.40%
27/11/17,10399.55,10361.05,10407.15,10340.2,146.28M,0.09%
28/11/17,10370.25,10387.9,10409.55,10355.2,202.05M,-0.28%
29/11/17,10361.3,10376.65,10392.95,10345.9,157.19M,-0.09%
30/11/17,10226.55,10332.7,10332.7,10211.25,353.10M,-1.30%
01/12/17,10121.8,10263.7,10272.7,10108.55,147.77M,-1.02%
04/12/17,10127.75,10175.05,10179.2,10095.7,153.24M,0.06%
05/12/17,10118.25,10118.25,10147.95,10069.1,160.25M,-0.09%
06/12/17,10044.1,10088.8,10104.2,10033.35,171.21M,-0.73%
07/12/17,10166.7,10063.45,10182.65,10061.9,171.34M,1.22%
08/12/17,10265.65,10198.45,10270.85,10195.25,206.23M,0.97%
11/12/17,10322.25,10310.5,10329.2,10282.05,152.04M,0.55%
12/12/17,10240.15,10324.9,10326.1,10230.2,180.55M,-0.80%
13/12/17,10192.95,10236.6,10296.55,10169.85,187.19M,-0.46%
14/12/17,10252.1,10229.3,10276.1,10141.55,159.10M,0.58%
15/12/17,10333.25,10345.65,10373.1,10319.65,262.98M,0.79%
18/12/17,10388.75,10263.1,10443.55,10074.8,237.51M,0.54%
19/12/17,10463.2,10414.8,10472.2,10406,174.34M,0.72%
20/12/17,10444.2,10494.4,10494.45,10437.15,180.60M,-0.18%
21/12/17,10440.3,10473.95,10473.95,10426.9,156.65M,-0.04%
22/12/17,10493,10457.3,10501.1,10448.25,143.12M,0.50%
26/12/17,10531.5,10512.3,10545.45,10477.95,160.42M,0.37%
27/12/17,10490.75,10531.05,10552.4,10469.25,170.31M,-0.39%
28/12/17,10477.9,10498.2,10534.55,10460.45,281.31M,-0.12%
29/12/17,10530.7,10492.35,10538.7,10488.65,156.74M,0.50%
01/01/18,10435.55,10531.7,10537.85,10423.1,134.53M,-0.90%
02/01/18,10442.2,10477.55,10495.2,10404.65,158.09M,0.06%
03/01/18,10443.2,10482.65,10503.6,10429.55,172.52M,0.01%
04/01/18,10504.8,10469.4,10513,10441.45,180.26M,0.59%
05/01/18,10558.85,10534.25,10566.1,10520.1,186.47M,0.51%
08/01/18,10623.6,10591.7,10631.2,10588.55,174.18M,0.61%
09/01/18,10637,10645.1,10659.15,10603.6,211.29M,0.13%
10/01/18,10632.2,10652.05,10655.5,10592.7,181.90M,-0.05%
11/01/18,10651.2,10637.05,10664.6,10612.35,158.63M,0.18%
12/01/18,10681.25,10682.55,10690.4,10597.1,180.59M,0.28%
15/01/18,10741.55,10718.5,10782.65,10713.8,181.26M,0.56%
16/01/18,10700.45,10761.5,10762.35,10687.85,217.47M,-0.38%
17/01/18,10788.55,10702.45,10803,10666.75,260.49M,0.82%
18/01/18,10817,10873.4,10887.5,10782.4,321.61M,0.26%
19/01/18,10894.7,10829.2,10906.85,10793.9,214.01M,0.72%
22/01/18,10966.2,10883.2,10975.1,10881.4,238.82M,0.66%
23/01/18,11083.7,10997.4,11092.9,10994.55,293.45M,1.07%
24/01/18,11086,11069.35,11110.1,11046.15,292.20M,0.02%
25/01/18,11069.65,11095.6,11095.6,11009.2,340.47M,-0.15%
29/01/18,11130.4,11079.35,11171.55,11075.95,249.22M,0.55%
30/01/18,11049.65,11120.85,11121.1,11033.9,234.97M,-0.73%
31/01/18,11027.7,11018.8,11058.5,10979.3,253.46M,-0.20%
01/02/18,11016.9,11044.55,11117.35,10878.8,315.74M,-0.10%
02/02/18,10760.6,10938.2,10954.95,10736.1,291.43M,-2.33%
05/02/18,10666.55,10604.3,10702.75,10586.8,247.48M,-0.87%
06/02/18,10498.25,10295.15,10594.15,10276.3,274.66M,-1.58%
07/02/18,10476.7,10607.2,10614,10446.4,258.10M,-0.21%
08/02/18,10576.85,10518.5,10637.8,10479.55,239.41M,0.96%
09/02/18,10454.95,10416.5,10480.2,10398.2,197.50M,-1.15%
12/02/18,10539.75,10518.2,10555.5,10485.4,224.12M,0.81%
14/02/18,10500.9,10585.75,10590.55,10456.65,236.33M,-0.37%
15/02/18,10545.5,10537.9,10618.1,10511.05,217.09M,0.42%
16/02/18,10452.3,10596.2,10612.9,10434.05,190.04M,-0.88%
19/02/18,10378.4,10488.9,10489.35,10302.75,193.09M,-0.71%
20/02/18,10360.4,10391,10429.35,10347.65,193.46M,-0.17%
21/02/18,10397.45,10426,10426.1,10349.6,241.33M,0.36%
22/02/18,10382.7,10354.35,10397.55,10340.65,323.26M,-0.14%
23/02/18,10491.05,10408.1,10499.1,10396.65,217.13M,1.04%
26/02/18,10582.6,10526.55,10592.95,10520.2,177.24M,0.87%
27/02/18,10554.3,10615.2,10631.65,10537.25,193.25M,-0.27%
28/02/18,10492.85,10488.95,10535.5,10461.55,294.79M,-0.58%
01/03/18,10458.35,10479.95,10525.5,10447.15,181.38M,-0.33%
05/03/18,10358.85,10428.3,10428.7,10323.9,199.98M,-0.95%
06/03/18,10249.25,10420.5,10441.35,10215.9,229.78M,-1.06%
07/03/18,10154.2,10232.95,10243.35,10141.55,257.20M,-0.93%
08/03/18,10242.65,10216.25,10270.35,10146.4,233.38M,0.87%
09/03/18,10226.85,10271.3,10296.7,10211.9,192.33M,-0.15%
12/03/18,10421.4,10301.6,10433.65,10295.45,223.14M,1.90%
13/03/18,10426.85,10389.5,10478.6,10377.85,274.85M,0.05%
14/03/18,10410.9,10393.05,10420.35,10336.3,186.99M,-0.15%
15/03/18,10360.15,10405.45,10420,10346.2,179.31M,-0.49%
16/03/18,10195.15,10345.15,10346.3,10180.25,338.70M,-1.59%
19/03/18,10094.25,10215.35,10224.55,10075.3,216.67M,-0.99%
20/03/18,10124.35,10051.55,10155.65,10049.1,209.33M,0.30%
21/03/18,10155.25,10181.95,10227.3,10132.95,211.06M,0.31%
22/03/18,10114.75,10167.5,10207.85,10105.4,237.63M,-0.40%
23/03/18,9998.05,9968.8,10027.7,9951.9,294.52M,-1.15%
26/03/18,10130.65,9989.15,10143.5,9958.55,270.66M,1.33%
27/03/18,10184.15,10188,10207.9,10139.65,232.71M,0.53%
28/03/18,10113.7,10143.6,10158.35,10096.9,354.98M,-0.69%
02/04/18,10211.8,10151.65,10220.1,10127.75,232.43M,0.97%
03/04/18,10245,10186.85,10255.35,10171.05,211.65M,0.33%
04/04/18,10128.4,10274.6,10279.85,10111.3,238.18M,-1.14%
05/04/18,10325.15,10228.45,10331.8,10227.45,244.12M,1.94%
06/04/18,10331.6,10322.75,10350.45,10290.85,206.36M,0.06%
09/04/18,10379.35,10333.7,10397.7,10328.5,228.51M,0.46%
10/04/18,10402.25,10412.9,10424.85,10381.5,259.52M,0.22%
11/04/18,10417.15,10428.15,10428.15,10355.6,258.08M,0.14%
12/04/18,10458.65,10410.65,10469.9,10395.25,246.03M,0.40%
13/04/18,10480.6,10495.3,10519.9,10451.45,219.72M,0.21%
16/04/18,10528.35,10398.3,10540.15,10396.35,200.95M,0.46%
17/04/18,10548.7,10557.3,10560.45,10495.65,212.45M,0.19%
18/04/18,10526.2,10578.9,10594.2,10509.7,211.82M,-0.21%
19/04/18,10565.3,10563.65,10572.2,10546.2,270.74M,0.37%
20/04/18,10564.05,10560.35,10582.35,10527.45,252.23M,-0.01%
23/04/18,10584.7,10592.8,10638.35,10514.95,200.20M,0.20%
24/04/18,10614.35,10578.1,10636.8,10569,225.97M,0.28%
25/04/18,10570.55,10612.4,10612.6,10536.45,195.13M,-0.41%
26/04/18,10617.8,10586.5,10628.4,10559.65,345.54M,0.45%
27/04/18,10692.3,10651.65,10719.8,10647.55,306.67M,0.70%
30/04/18,10739.35,10705.75,10759,10704.6,179.16M,0.44%
02/05/18,10718.05,10783.85,10784.65,10689.8,236.76M,-0.20%
03/05/18,10679.65,10720.15,10720.6,10647.45,190.87M,-0.36%
04/05/18,10618.25,10700.45,10700.45,10601.6,192.30M,-0.57%
07/05/18,10715.5,10653.15,10725.65,10635.65,173.62M,0.92%
08/05/18,10717.8,10757.9,10758.55,10689.4,278.12M,0.02%
09/05/18,10741.7,10693.35,10766.25,10689.85,222.12M,0.22%
10/05/18,10716.55,10779.65,10785.55,10705,197.99M,-0.23%
11/05/18,10806.5,10741.95,10812.05,10724.45,209.39M,0.84%
14/05/18,10806.6,10815.15,10834.85,10774.75,176.70M,0.00%
15/05/18,10801.85,10812.6,10929.2,10781.4,262.20M,-0.04%
16/05/18,10741.1,10751.95,10790.45,10699.7,238.22M,-0.56%
17/05/18,10682.7,10775.6,10777.25,10664.5,220.74M,-0.54%
18/05/18,10596.4,10671.85,10674.95,10589.1,229.91M,-0.81%
21/05/18,10516.7,10616.7,10621.7,10505.8,197.29M,-0.75%
22/05/18,10536.7,10518.45,10558.6,10490.55,249.24M,0.19%
23/05/18,10430.35,10521.1,10533.55,10417.8,299.92M,-1.01%
24/05/18,10513.85,10464.85,10535.15,10419.8,306.79M,0.80%
25/05/18,10605.15,10533.05,10628.05,10524,268.92M,0.87%
28/05/18,10688.65,10648.35,10709.8,10640.55,239.79M,0.79%
29/05/18,10633.3,10689.4,10717.25,10616.1,232.76M,-0.52%
30/05/18,10614.35,10579,10648.7,10558.45,246.12M,-0.18%
31/05/18,10736.15,10670.1,10763.8,10620.4,629.20M,1.15%
01/06/18,10696.2,10738.45,10764.75,10681.5,227.36M,-0.37%
04/06/18,10628.5,10765.95,10770.3,10618.35,210.15M,-0.63%
05/06/18,10593.15,10630.7,10633.15,10550.9,172.90M,-0.33%
06/06/18,10684.65,10603.45,10698.35,10587.5,195.76M,0.86%
07/06/18,10768.35,10722.6,10818,10722.6,227.66M,0.78%
08/06/18,10767.65,10736.4,10779.45,10709.05,215.94M,-0.01%
11/06/18,10786.95,10781.85,10850.55,10777.05,217.85M,0.18%
12/06/18,10842.85,10816.15,10856.55,10789.4,204.42M,0.52%
13/06/18,10856.7,10887.5,10893.25,10842.65,220.00M,0.13%
14/06/18,10808.05,10832.9,10833.7,10773.55,190.03M,-0.45%
15/06/18,10817.7,10808.65,10834,10755.4,314.76M,0.09%
18/06/18,10799.85,10830.2,10830.2,10787.35,202.73M,-0.17%
19/06/18,10710.45,10789.45,10789.45,10701.2,231.38M,-0.83%
20/06/18,10772.05,10734.65,10781.8,10724.05,199.47M,0.58%
21/06/18,10741.1,10808.45,10809.6,10725.9,230.51M,-0.29%
22/06/18,10821.85,10742.7,10837,10710.45,236.90M,0.75%
25/06/18,10762.45,10822.9,10831.05,10753.05,236.69M,-0.55%
26/06/18,10769.15,10742.7,10805.25,10732.55,226.85M,0.06%
27/06/18,10671.4,10785.5,10785.5,10652.4,253.62M,-0.91%
28/06/18,10589.1,10660.8,10674.2,10557.7,363.16M,-0.77%
29/06/18,10714.3,10612.85,10723.05,10612.35,250.33M,1.18%
02/07/18,10657.3,10732.35,10736.15,10604.65,304.54M,-0.53%
03/07/18,10699.9,10668.6,10713.3,10630.25,208.37M,0.40%
04/07/18,10769.9,10715,10777.15,10677.75,179.27M,0.65%
05/07/18,10749.75,10786.05,10786.05,10726.25,227.27M,-0.19%
06/07/18,10772.65,10744.15,10816.35,10735.05,256.55M,0.21%
09/07/18,10852.9,10838.3,10860.35,10807.15,189.33M,0.74%
10/07/18,10947.25,10902.75,10956.9,10876.65,203.06M,0.87%
11/07/18,10948.3,10956.4,10976.65,10923,229.21M,0.01%
12/07/18,11023.2,11006.95,11078.3,10999.65,256.04M,0.68%
13/07/18,11018.9,11056.9,11071.35,10999.75,241.67M,-0.04%
16/07/18,10936.85,11018.95,11019.5,10926.25,216.97M,-0.74%
17/07/18,11008.05,10939.65,11018.5,10925.6,217.11M,0.65%
18/07/18,10980.45,11060.2,11076.2,10956.3,232.50M,-0.25%
19/07/18,10957.1,10999.5,11006.5,10935.45,222.06M,-0.21%
20/07/18,11010.2,10963.5,11030.25,10946.2,193.14M,0.48%
23/07/18,11084.75,11019.85,11093.4,11010.95,236.15M,0.68%
24/07/18,11134.3,11109,11143.4,11092.5,212.25M,0.45%
25/07/18,11132,11148.4,11157.15,11113.25,212.33M,-0.02%
26/07/18,11167.3,11132.95,11185.85,11125.7,376.66M,0.32%
27/07/18,11278.35,11232.75,11283.4,11210.25,324.34M,0.99%
30/07/18,11319.55,11296.65,11328.1,11261.45,287.44M,0.37%
31/07/18,11356.5,11311.05,11366,11267.75,264.43M,0.33%
01/08/18,11346.2,11359.8,11390.55,11313.55,278.01M,-0.09%
02/08/18,11244.7,11328.9,11328.9,11234.95,216.53M,-0.89%
03/08/18,11360.8,11297.8,11368,11294.55,225.15M,1.03%
06/08/18,11387.1,11401.5,11427.65,11370.6,210.00M,0.23%
07/08/18,11389.45,11423.15,11428.95,11359.7,233.41M,0.02%
08/08/18,11450,11412.5,11459.95,11379.3,217.05M,0.53%
09/08/18,11470.7,11493.25,11495.2,11454.1,311.52M,0.18%
10/08/18,11429.5,11474.95,11478.75,11419.65,336.42M,-0.36%
13/08/18,11355.75,11369.6,11406.3,11340.3,254.47M,-0.65%
14/08/18,11435.1,11381.7,11452.45,11370.8,239.84M,0.70%
16/08/18,11385.05,11397.15,11449.85,11366.25,299.61M,-0.44%
17/08/18,11470.75,11437.15,11486.45,11431.8,241.99M,0.75%
20/08/18,11551.75,11502.1,11565.3,11499.65,239.84M,0.71%
21/08/18,11570.9,11576.2,11581.75,11539.6,231.06M,0.17%
23/08/18,11582.75,11620.7,11620.7,11546.7,256.16M,0.10%
24/08/18,11557.1,11566.6,11604.6,11532,225.60M,-0.22%
27/08/18,11691.95,11605.85,11700.95,11595.6,205.69M,1.17%
28/08/18,11738.5,11731.95,11760.2,11710.5,249.42M,0.40%
29/08/18,11691.9,11744.95,11753.2,11678.85,259.35M,-0.40%
30/08/18,11676.8,11694.75,11698.8,11639.7,323.45M,-0.13%
31/08/18,11680.5,11675.85,11727.65,11640.1,357.23M,0.03%
03/09/18,11582.35,11751.8,11751.8,11567.4,241.73M,-0.84%
04/09/18,11520.3,11598.75,11602.55,11496.85,262.70M,-0.54%
05/09/18,11476.95,11514.85,11542.65,11393.85,253.69M,-0.38%
06/09/18,11536.9,11514.15,11562.25,11436.05,255.56M,0.52%
07/09/18,11589.1,11558.25,11603,11484.4,305.03M,0.45%
10/09/18,11438.1,11570.25,11573,11427.3,295.60M,-1.30%
11/09/18,11287.5,11476.85,11479.4,11274,318.09M,-1.32%
12/09/18,11369.9,11340.1,11380.75,11250.2,276.51M,0.73%
14/09/18,11515.2,11443.5,11523.25,11430.55,285.22M,1.28%
17/09/18,11377.75,11464.95,11464.95,11366.9,207.62M,-1.19%
18/09/18,11278.9,11381.55,11411.45,11268.95,248.30M,-0.87%
19/09/18,11234.35,11326.65,11332.05,11210.9,258.42M,-0.39%
21/09/18,11143.1,11271.3,11346.8,10866.45,741.15M,-0.81%
24/09/18,10967.4,11164.4,11170.15,10943.6,398.82M,-1.58%
25/09/18,11067.45,10969.95,11080.6,10882.85,417.55M,0.91%
26/09/18,11053.8,11145.55,11145.55,10993.05,351.04M,-0.12%
27/09/18,10977.55,11079.8,11089.45,10953.35,418.21M,-0.69%
28/09/18,10930.45,11008.1,11034.1,10850.3,492.89M,-0.43%
01/10/18,11008.3,10930.9,11035.65,10821.55,398.99M,0.71%
03/10/18,10858.25,10982.7,10989.05,10843.75,398.76M,-1.36%
04/10/18,10599.25,10754.7,10754.7,10547.25,438.20M,-2.39%
05/10/18,10316.45,10514.1,10540.65,10261.9,625.15M,-2.67%
08/10/18,10348.05,10310.15,10398.35,10198.4,470.28M,0.31%
09/10/18,10301.05,10390.3,10397.6,10279.35,443.80M,-0.45%
10/10/18,10460.1,10331.85,10482.35,10318.25,373.84M,1.54%
11/10/18,10234.65,10169.8,10335.95,10138.6,498.51M,-2.16%
12/10/18,10472.5,10331.55,10492.45,10322.15,354.06M,2.32%
15/10/18,10512.5,10524.2,10526.3,10410.15,267.52M,0.38%
16/10/18,10584.75,10550.15,10604.9,10525.3,273.44M,0.69%
17/10/18,10453.05,10688.7,10710.15,10436.45,293.59M,-1.24%
19/10/18,10303.55,10339.7,10380.1,10249.6,368.55M,-1.43%
22/10/18,10245.25,10405.85,10408.55,10224,306.47M,-0.57%
23/10/18,10146.8,10152.6,10222.1,10102.35,312.04M,-0.96%
24/10/18,10224.75,10278.15,10290.65,10126.7,362.27M,0.77%
25/10/18,10124.9,10135.05,10166.6,10079.3,522.42M,-0.98%
26/10/18,10030,10122.35,10128.85,10004.55,375.56M,-0.94%
29/10/18,10250.85,10078.1,10275.3,10020.35,375.75M,2.20%
30/10/18,10198.4,10239.4,10285.1,10175.35,298.75M,-0.51%
31/10/18,10386.6,10209.55,10396,10105.1,386.62M,1.85%
01/11/18,10380.45,10441.7,10441.9,10341.9,359.34M,-0.06%
02/11/18,10553,10462.3,10606.95,10457.7,434.18M,1.66%
05/11/18,10524,10558.75,10558.8,10477,311.18M,-0.27%
06/11/18,10530,10552,10600.25,10491.45,309.88M,0.06%
07/11/18,10598.85,10614.45,10616.45,10591.8,2.83M,0.65%
09/11/18,10585.2,10614.7,10619.55,10544.85,305.82M,-0.13%
12/11/18,10482.2,10607.8,10645.5,10464.05,267.71M,-0.97%
13/11/18,10582.5,10451.9,10596.25,10440.55,262.54M,0.96%
14/11/18,10576.3,10634.9,10651.6,10532.7,396.37M,-0.06%
15/11/18,10616.7,10580.6,10646.5,10557.5,306.01M,0.38%
16/11/18,10682.2,10644,10695.15,10631.15,353.38M,0.62%
19/11/18,10763.4,10731.25,10774.7,10688.8,280.52M,0.76%
20/11/18,10656.2,10740.1,10740.85,10640.85,304.32M,-1.00%
21/11/18,10600.05,10670.95,10671.3,10562.35,310.19M,-0.53%
22/11/18,10526.75,10612.65,10646.25,10512,246.93M,-0.69%
26/11/18,10628.6,10568.3,10637.8,10489.75,332.86M,0.97%
27/11/18,10685.6,10621.45,10695.15,10596.35,382.83M,0.54%
28/11/18,10728.85,10708.75,10757.8,10699.85,437.63M,0.40%
29/11/18,10858.7,10808.7,10883.05,10782.35,712.65M,1.21%
30/11/18,10876.75,10892.1,10922.45,10835.1,467.86M,0.17%
03/12/18,10883.75,10930.7,10941.2,10845.35,422.36M,0.06%
04/12/18,10869.5,10877.1,10890.95,10833.35,332.14M,-0.13%
05/12/18,10782.9,10820.45,10821.05,10747.95,322.02M,-0.80%
06/12/18,10601.15,10718.15,10722.65,10588.25,328.28M,-1.69%
07/12/18,10693.7,10644.8,10704.55,10599.35,335.85M,0.87%
10/12/18,10488.45,10508.7,10558.85,10474.95,393.10M,-1.92%
11/12/18,10549.15,10350.05,10567.15,10333.85,438.70M,0.58%
12/12/18,10737.6,10591,10752.2,10560.8,371.70M,1.79%
13/12/18,10791.55,10810.75,10838.6,10749.5,387.81M,0.50%
14/12/18,10805.45,10784.5,10815.75,10752.1,350.58M,0.13%
17/12/18,10888.35,10853.2,10900.35,10844.85,306.15M,0.77%
18/12/18,10908.7,10850.9,10915.4,10819.1,294.94M,0.19%
19/12/18,10967.3,10930.55,10985.15,10928,321.80M,0.54%
20/12/18,10951.7,10885.2,10962.55,10880.05,328.80M,-0.14%
21/12/18,10754,10944.25,10963.65,10738.65,389.24M,-1.81%
24/12/18,10663.5,10780.9,10782.3,10649.25,230.29M,-0.84%
26/12/18,10729.85,10635.45,10747.5,10534.55,271.94M,0.62%
27/12/18,10779.8,10817.9,10834.2,10764.45,470.16M,0.47%
28/12/18,10859.9,10820.95,10893.6,10817.15,253.09M,0.74%
31/12/18,10862.55,10913.2,10923.55,10853.2,186.50M,0.02%
01/01/19,10910.1,10881.7,10923.6,10807.1,159.40M,0.44%
02/01/19,10792.5,10868.85,10895.35,10735.05,309.67M,-1.08%
03/01/19,10672.25,10796.8,10814.05,10661.25,286.24M,-1.11%
04/01/19,10727.35,10699.7,10741.05,10628.65,296.60M,0.52%
07/01/19,10771.8,10804.85,10835.95,10750.15,269.37M,0.41%
08/01/19,10802.15,10786.25,10818.45,10733.25,277.70M,0.28%
09/01/19,10855.15,10862.4,10870.4,10749.4,333.01M,0.49%
10/01/19,10821.6,10859.35,10859.35,10801.8,254.36M,-0.31%
11/01/19,10794.95,10834.75,10850.15,10739.4,260.79M,-0.25%
14/01/19,10737.6,10807,10808,10692.35,298.77M,-0.53%
15/01/19,10886.8,10777.55,10896.95,10777.55,310.74M,1.39%
16/01/19,10890.3,10899.65,10928.15,10876.9,276.54M,0.03%
17/01/19,10905.2,10920.85,10930.65,10844.65,271.68M,0.14%
18/01/19,10906.95,10914.85,10928.2,10852.2,323.81M,0.02%
21/01/19,10961.85,10919.35,10987.45,10885.75,288.83M,0.50%
22/01/19,10922.75,10949.8,10949.8,10864.15,300.77M,-0.36%
23/01/19,10831.5,10931.05,10944.8,10811.95,298.88M,-0.84%
24/01/19,10849.8,10844.05,10866.6,10798.65,361.08M,0.17%
25/01/19,10780.55,10859.75,10931.7,10756.45,463.44M,-0.64%
28/01/19,10661.55,10792.45,10804.45,10630.95,419.68M,-1.10%
29/01/19,10652.2,10653.7,10690.35,10583.65,356.91M,-0.09%
30/01/19,10651.8,10702.25,10710.2,10612.85,410.11M,0.00%
31/01/19,10830.95,10690.55,10838.05,10678.55,604.82M,1.68%
01/02/19,10893.65,10851.35,10983.45,10813.45,482.27M,0.58%
04/02/19,10912.25,10876.75,10927.9,10814.15,318.30M,0.17%
05/02/19,10934.35,10908.65,10956.7,10886.7,268.10M,0.20%
06/02/19,11062.45,10965.1,11072.6,10962.7,298.51M,1.17%
07/02/19,11069.4,11070.45,11118.1,11043.6,263.54M,0.06%
08/02/19,10943.6,11023.5,11041.2,10925.45,352.79M,-1.14%
11/02/19,10888.8,10930.9,10930.9,10857.1,285.98M,-0.50%
12/02/19,10831.4,10879.7,10910.9,10823.8,292.32M,-0.53%
13/02/19,10793.65,10870.55,10891.65,10772.1,321.96M,-0.35%
14/02/19,10746.05,10786.1,10792.7,10718.75,627.04M,-0.44%
15/02/19,10724.4,10780.25,10785.75,10620.4,521.88M,-0.20%
18/02/19,10640.95,10738.65,10759.9,10628.4,345.44M,-0.78%
19/02/19,10604.35,10636.7,10722.85,10585.65,291.51M,-0.34%
20/02/19,10735.45,10655.45,10752.7,10646.4,289.20M,1.24%
21/02/19,10789.85,10744.1,10808.85,10721.5,279.58M,0.51%
22/02/19,10791.65,10782.7,10801.55,10758.4,396.85M,0.02%
25/02/19,10880.1,10813.25,10887.1,10788.05,385.90M,0.82%
26/02/19,10835.3,10775.3,10888.75,10729.3,414.95M,-0.41%
27/02/19,10806.65,10881.2,10939.7,10751.2,381.08M,-0.26%
28/02/19,10792.5,10865.7,10865.7,10784.85,644.16M,-0.13%
01/03/19,10863.5,10842.65,10877.9,10823.1,308.53M,0.66%
05/03/19,10987.45,10864.85,10994.9,10817,373.22M,1.14%
06/03/19,11053,11024.85,11062.3,10998.85,372.55M,0.60%
07/03/19,11058.2,11077.95,11089.05,11027.1,321.21M,0.05%
08/03/19,11035.4,11038.85,11049,11008.95,326.57M,-0.21%
11/03/19,11168.05,11068.75,11180.9,11059.85,352.24M,1.20%
12/03/19,11301.2,11231.35,11320.4,11227,391.31M,1.19%
13/03/19,11341.7,11326.2,11352.3,11276.6,383.00M,0.36%
14/03/19,11343.25,11382.5,11383.45,11313.75,294.48M,0.01%
15/03/19,11426.85,11376.85,11487,11370.8,463.70M,0.74%
18/03/19,11462.2,11473.85,11530.15,11412.5,320.25M,0.31%
19/03/19,11532.4,11500.3,11543.85,11451.25,326.10M,0.61%
20/03/19,11521.05,11553.35,11556.1,11503.1,366.30M,-0.10%
22/03/19,11456.9,11549.2,11572.8,11434.55,386.19M,-0.56%
25/03/19,11354.25,11395.65,11395.65,11311.6,294.46M,-0.90%
26/03/19,11483.25,11375.2,11496.75,11352.45,282.58M,1.14%
27/03/19,11445.05,11531.45,11546.2,11413,350.45M,-0.33%
28/03/19,11570,11463.65,11588.5,11452.45,527.68M,1.09%
29/03/19,11623.9,11625.45,11630.35,11570.15,416.28M,0.47%
01/04/19,11669.15,11665.2,11738.1,11644.75,379.57M,0.39%
02/04/19,11713.2,11711.55,11729.35,11655.85,386.13M,0.38%
03/04/19,11643.95,11735.3,11761,11629.15,365.76M,-0.59%
04/04/19,11598,11660.2,11662.55,11559.2,349.03M,-0.39%
05/04/19,11665.95,11638.4,11689.65,11609.5,266.67M,0.59%
08/04/19,11604.5,11704.35,11710.3,11549.1,260.93M,-0.53%
09/04/19,11671.95,11612.05,11683.9,11569.7,300.47M,0.58%
10/04/19,11584.3,11646.85,11680.05,11571.75,359.94M,-0.75%
11/04/19,11596.7,11592.55,11606.7,11550.55,279.78M,0.11%
12/04/19,11643.45,11612.85,11657.35,11578.8,246.01M,0.40%
15/04/19,11690.35,11667,11704.6,11648.25,290.00M,0.40%
16/04/19,11787.15,11736.2,11810.95,11731.55,354.32M,0.83%
18/04/19,11752.8,11856.15,11856.15,11738.5,339.65M,-0.29%
22/04/19,11594.45,11727.05,11727.05,11583.95,260.36M,-1.35%
23/04/19,11575.95,11612.95,11645.95,11564.8,272.54M,-0.16%
24/04/19,11726.15,11601.5,11740.85,11578.85,335.20M,1.30%
25/04/19,11641.8,11735.7,11796.75,11624.3,604.36M,-0.72%
26/04/19,11754.65,11683.75,11762.9,11661.75,333.48M,0.97%
30/04/19,11748.15,11748.75,11756.25,11655.9,532.63M,-0.06%
02/05/19,11724.75,11725.55,11789.3,11699.55,380.28M,-0.20%
03/05/19,11712.25,11722.6,11770.9,11699.35,305.52M,-0.11%
06/05/19,11598.25,11605.8,11632.55,11571.35,299.05M,-0.97%
07/05/19,11497.9,11651.5,11657.05,11484.45,337.50M,-0.87%
08/05/19,11359.45,11478.7,11479.1,11346.95,372.83M,-1.20%
09/05/19,11301.8,11322.4,11357.6,11255.05,373.03M,-0.51%
10/05/19,11278.9,11314.15,11345.8,11251.05,387.32M,-0.20%
13/05/19,11148.2,11258.7,11300.2,11125.6,357.59M,-1.16%
14/05/19,11222.05,11151.65,11294.75,11108.3,398.12M,0.66%
15/05/19,11157,11271.7,11286.8,11136.95,414.17M,-0.58%
16/05/19,11257.1,11180.35,11281.55,11143.35,350.74M,0.90%
17/05/19,11407.15,11261.9,11426.15,11259.85,412.11M,1.33%
20/05/19,11828.25,11651.9,11845.2,11591.7,452.10M,3.69%
21/05/19,11709.1,11863.65,11883.55,11682.8,381.04M,-1.01%
22/05/19,11737.9,11727.95,11784.8,11682.4,355.87M,0.25%
23/05/19,11657.05,11901.3,12041.15,11614.5,569.03M,-0.69%
24/05/19,11844.1,11748,11859,11658.1,374.64M,1.60%
27/05/19,11924.75,11855.5,11957.15,11812.4,348.36M,0.68%
28/05/19,11928.75,11958.35,11958.55,11864.9,598.31M,0.03%
29/05/19,11861.1,11905.8,11931.9,11836.8,318.07M,-0.57%
30/05/19,11945.9,11865.3,11968.55,11859.4,421.20M,0.71%
31/05/19,11922.8,11999.8,12039.25,11829.45,438.88M,-0.19%
03/06/19,12088.55,11953.75,12103.05,11920.1,315.30M,1.39%
04/06/19,12021.65,12052.65,12095.2,12005.85,289.22M,-0.55%
06/06/19,11843.75,12039.8,12039.8,11830.25,415.21M,-1.48%
07/06/19,11870.65,11865.2,11897.5,11769.5,302.46M,0.23%
10/06/19,11922.7,11934.9,11975.05,11871.75,303.33M,0.44%
11/06/19,11965.6,11959.85,12000.35,11904.35,332.18M,0.36%
12/06/19,11906.2,11962.45,11962.45,11866.35,283.72M,-0.50%
13/06/19,11914.05,11873.9,11931.35,11817.05,447.90M,0.07%
14/06/19,11823.3,11910.1,11911.85,11797.7,390.30M,-0.76%
17/06/19,11672.15,11844,11844.05,11657.75,295.53M,-1.28%
18/06/19,11691.5,11677.05,11727.2,11641.15,365.53M,0.17%
19/06/19,11691.45,11744.45,11802.5,11625.1,446.93M,0.00%
20/06/19,11831.75,11653.65,11843.5,11635.05,442.02M,1.20%
21/06/19,11724.1,11827.6,11827.95,11705.1,468.43M,-0.91%
24/06/19,11699.65,11725.8,11754,11670.2,277.62M,-0.21%
25/06/19,11796.45,11681,11814.4,11651,300.48M,0.83%
26/06/19,11847.55,11768.15,11871.85,11757.55,327.88M,0.43%
27/06/19,11841.55,11860.85,11911.15,11821.05,480.17M,-0.05%
28/06/19,11788.85,11861.15,11871.7,11775.5,303.89M,-0.45%
01/07/19,11865.6,11839.9,11884.65,11830.8,278.42M,0.65%
02/07/19,11910.3,11890.3,11917.45,11814.7,363.20M,0.38%
03/07/19,11916.75,11932.15,11945.2,11887.05,340.53M,0.05%
04/07/19,11946.75,11928.8,11969.25,11923.65,333.60M,0.25%
05/07/19,11811.15,11964.75,11981.75,11797.9,530.72M,-1.14%
08/07/19,11558.6,11770.4,11771.9,11523.3,464.03M,-2.14%
09/07/19,11555.9,11531.6,11582.55,11461,442.52M,-0.02%
10/07/19,11498.9,11536.15,11593.7,11475.65,337.57M,-0.49%
11/07/19,11582.9,11561.45,11599,11519.5,317.26M,0.73%
12/07/19,11552.5,11601.15,11639.55,11538.6,359.42M,-0.26%
15/07/19,11588.35,11614.75,11618.4,11532.3,368.79M,0.31%
16/07/19,11662.6,11596.65,11670.05,11573.95,480.16M,0.64%
17/07/19,11687.5,11670.75,11706.65,11651.15,464.83M,0.21%
18/07/19,11596.9,11675.6,11677.15,11582.4,498.26M,-0.78%
19/07/19,11419.25,11627.95,11640.35,11399.3,446.05M,-1.53%
22/07/19,11346.2,11392.85,11398.15,11301.25,516.04M,-0.64%
23/07/19,11331.05,11372.25,11398.15,11302.8,458.93M,-0.13%
24/07/19,11271.3,11322.45,11359.75,11229.8,413.20M,-0.53%
25/07/19,11252.15,11290.4,11361.4,11239.35,553.68M,-0.17%
26/07/19,11284.3,11247.45,11307.6,11210.05,522.67M,0.29%
29/07/19,11189.2,11307.5,11310.95,11152.4,482.86M,-0.84%
30/07/19,11085.4,11213.7,11267.45,11072.65,479.06M,-0.93%
31/07/19,11118,11034.05,11145.3,10999.4,536.69M,0.29%
01/08/19,10980,11060.2,11076.75,10881,499.92M,-1.24%
02/08/19,10997.35,10930.3,11080.15,10848.95,547.42M,0.16%
05/08/19,10862.6,10895.8,10895.8,10782.6,506.56M,-1.23%
06/08/19,10948.25,10815.4,11018.55,10813.8,517.89M,0.79%
07/08/19,10855.5,10958.1,10975.65,10835.9,548.47M,-0.85%
08/08/19,11032.45,10899.2,11058.05,10842.95,482.47M,1.63%
09/08/19,11109.65,11087.9,11181.45,11062.8,538.06M,0.70%
13/08/19,10925.85,11139.4,11145.9,10901.6,624.64M,-1.65%
14/08/19,11029.4,11003.25,11078.15,10935.6,511.54M,0.95%
16/08/19,11047.8,11043.65,11068.65,10924.3,470.91M,0.17%
19/08/19,11053.9,11094.8,11146.9,11037.85,369.49M,0.06%
20/08/19,11017,11063.9,11076.3,10985.3,444.72M,-0.33%
21/08/19,10918.7,11018.15,11034.2,10906.65,557.87M,-0.89%
22/08/19,10741.35,10905.3,10908.25,10718.3,668.19M,-1.62%
23/08/19,10829.35,10699.6,10862.55,10637.15,667.08M,0.82%
26/08/19,11057.85,11000.3,11070.3,10756.55,684.14M,2.11%
27/08/19,11105.35,11106.55,11141.75,11049.5,685.55M,0.43%
28/08/19,11046.1,11101.3,11129.65,10987.65,549.96M,-0.53%
29/08/19,10948.3,10996.05,11021.1,10922.4,649.88M,-0.89%
30/08/19,11023.25,10987.8,11042.6,10874.8,628.15M,0.68%
03/09/19,10797.9,10960.95,10967.5,10772.7,483.04M,-2.04%
04/09/19,10844.65,10790.4,10858.75,10746.35,508.78M,0.43%
05/09/19,10847.9,10860.95,10920.1,10816,595.70M,0.03%
06/09/19,10946.2,10883.8,10957.05,10867.45,497.21M,0.91%
09/09/19,11003.05,10936.7,11028.85,10889.8,412.47M,0.52%
11/09/19,11035.7,11028.5,11054.8,11011.65,687.14M,0.30%
12/09/19,10982.8,11058.3,11081.75,10964.95,551.44M,-0.48%
13/09/19,11075.9,10986.8,11084.45,10945.75,624.31M,0.85%
16/09/19,11003.5,10994.85,11052.7,10968.2,434.45M,-0.65%
17/09/19,10817.6,11000.1,11000.1,10796.5,482.01M,-1.69%
18/09/19,10840.65,10872.8,10885.15,10804.85,519.16M,0.21%
19/09/19,10704.8,10845.2,10845.2,10670.25,642.60M,-1.25%
20/09/19,11274.2,10746.8,11381.9,10691,1.36B,5.32%
23/09/19,11600.2,11542.7,11694.85,11471.35,882.83M,2.89%
24/09/19,11588.2,11590.7,11655.05,11539.2,651.72M,-0.10%
25/09/19,11440.2,11564.85,11564.95,11416.1,629.05M,-1.28%
26/09/19,11571.2,11469.85,11610.85,11466.35,844.47M,1.15%
27/09/19,11512.4,11556.35,11593.6,11499.75,650.02M,-0.51%
30/09/19,11474.45,11491.15,11508.25,11390.8,756.85M,-0.33%
01/10/19,11359.9,11515.4,11554.2,11247.9,1.31B,-1.00%
03/10/19,11314,11322.25,11370.4,11257.35,1.02B,-0.40%
04/10/19,11174.75,11388.45,11400.3,11158.35,928.52M,-1.23%
07/10/19,11126.4,11196.2,11233.85,11112.65,733.20M,-0.43%
09/10/19,11313.3,11152.95,11321.6,11090.15,741.15M,1.68%
10/10/19,11234.55,11280.5,11293.35,11208.55,562.02M,-0.70%
11/10/19,11305.05,11257.7,11362.9,11189.4,737.80M,0.63%
14/10/19,11341.15,11335.9,11420.45,11290.05,587.58M,0.32%
15/10/19,11428.3,11360.85,11462.35,11342.1,527.40M,0.77%
16/10/19,11464,11464.95,11481.05,11411.1,533.47M,0.31%
17/10/19,11586.35,11466.3,11599.1,11439.65,797.57M,1.07%
18/10/19,11661.85,11580.3,11684.7,11553.15,853.44M,0.65%
22/10/19,11588.35,11657.15,11714.35,11573.65,867.60M,-0.63%
23/10/19,11604.1,11596.2,11651.6,11554.4,664.16M,0.14%
24/10/19,11582.6,11661.65,11679.6,11534.65,700.48M,-0.19%
25/10/19,11583.9,11646.15,11646.9,11490.75,812.03M,0.01%
29/10/19,11786.85,11643.95,11809.4,11627.35,951.72M,1.75%
30/10/19,11844.1,11883.9,11883.95,11784.45,725.22M,0.49%
31/10/19,11877.45,11890.45,11945,11855.1,1.41B,0.28%
01/11/19,11890.6,11886.6,11918.3,11843.35,855.34M,0.11%
